mtllib 5A0MJFY5YZZLOLH8MB2WXT8MJ.mtl
v -0.119153 0.762601 -0.001987
v -0.117686 0.763373 0.019633
v -0.139039 0.767745 -0.003389
v -0.138061 0.768003 0.024308
v -0.145559 0.892745 -0.001987
v -0.142136 0.892745 0.028983
v -0.153709 0.937498 -0.000234
v -0.148330 0.936727 0.031437
v -0.158925 0.949330 0.031554
v -0.150938 0.955245 0.058900
v -0.173106 0.964247 0.056446
v -0.170335 0.973250 0.086247
v -0.195763 0.984566 0.076080
v -0.196252 1.007715 0.093025
v -0.219072 0.987395 0.074093
v -0.218747 1.011315 0.091623
v -0.546540 1.003085 0.100505
v -0.218910 1.037293 0.099102
v -0.545236 1.036778 0.114412
v -0.220376 1.063527 0.100622
v -0.545236 1.067128 0.117100
v -0.220376 1.088733 0.095596
v -0.543769 1.098507 0.113477
v -0.220703 1.109566 0.087182
v -0.541161 1.131686 0.100271
v -0.222659 1.132714 0.069769
v -0.540020 1.158177 0.078884
v -0.222495 1.147375 0.050252
v -0.540672 1.176696 0.054459
v -0.223311 1.156891 0.026645
v -0.538553 1.183897 0.021971
v -0.223311 1.160749 0.000234
v -0.538390 1.185184 -0.005726
v -0.135127 0.935698 0.061121
v -0.142299 0.962704 0.089052
v -0.160881 0.981480 0.110789
v -0.165608 0.985081 0.108919
v -0.175878 1.022889 0.114762
v -0.179952 1.023918 0.112542
v -0.182886 1.065328 0.116048
v -0.186961 1.065585 0.113594
v -0.181419 1.122684 0.117333
v -0.184353 1.122941 0.114879
v -0.178159 1.169494 0.113477
v -0.204565 1.120626 0.093259
v -0.206196 1.144289 0.077365
v -0.208314 1.156377 0.057264
v -0.210270 1.163321 0.030034
v -0.210922 1.164350 0.000234
v -0.120131 0.950358 0.089753
v -0.134638 0.974535 0.112892
v -0.132519 1.014916 0.117450
v -0.134964 1.063270 0.120255
v -0.132193 1.119083 0.122125
v -0.172943 1.171295 0.115931
v -0.183538 1.175153 0.090922
v -0.186146 1.172581 0.090571
v -0.190221 1.176696 0.064393
v -0.192829 1.174381 0.063926
v -0.192829 1.176953 0.036228
v -0.195763 1.174896 0.034826
v -0.193155 1.177210 0.002103
v -0.196090 1.174638 0.002688
v 0.164305 0.962190 -0.100738
v 0.196905 0.969391 -0.108452
v 0.186636 0.949587 -0.063809
v 0.213042 0.962447 -0.056212
v 0.198209 0.945215 -0.031905
v 0.215487 0.960132 -0.025944
v 0.201957 0.946758 -0.001519
v 0.216139 0.959618 -0.001519
v 0.215161 0.962190 0.028749
v 0.258845 0.960389 0.014959
v 0.265691 0.957817 0.028165
v 0.262594 0.959103 0.014374
v 0.268462 0.957303 0.025126
v 0.235210 0.963733 -0.110789
v 0.267158 0.956017 -0.026529
v 0.259171 0.959361 -0.016011
v 0.255911 0.961161 0.000467
v 0.259334 0.960132 0.000818
v 0.262268 0.958846 -0.014024
v 0.269277 0.955503 -0.023607
v 0.278079 0.952159 -0.030969
v 0.275634 0.952159 -0.034592
v 0.310679 0.935441 -0.038566
v 0.274004 0.951130 -0.109620
v 0.310842 0.934669 -0.109971
v -0.546540 1.181583 -0.006545
v -0.538390 1.185184 -0.005726
v -0.547029 1.179525 -0.035995
v -0.537575 1.183383 -0.037514
v -0.545888 1.166665 -0.064627
v -0.535782 1.171552 -0.067198
v -0.541487 1.148661 -0.090688
v -0.534478 1.151747 -0.094778
v -0.534478 1.124484 -0.114646
v -0.224288 1.115996 -0.080287
v -0.532033 1.094391 -0.125982
v -0.221680 1.095677 -0.091740
v -0.532196 1.065842 -0.126449
v -0.220213 1.068157 -0.099803
v -0.218257 1.041665 -0.100738
v -0.196252 1.070214 -0.103777
v -0.194134 1.037293 -0.104128
v -0.173921 1.071500 -0.119320
v -0.168542 1.022375 -0.122242
v -0.168053 1.070986 -0.120723
v -0.161533 1.021089 -0.123644
v -0.115567 1.062756 -0.124462
v -0.111655 1.002828 -0.125397
v -0.078892 1.060955 -0.125631
v -0.074980 0.980451 -0.125514
v -0.038305 1.059412 -0.126916
v -0.034067 0.978393 -0.125631
v 0.006683 1.057869 -0.127267
v 0.015485 0.977879 -0.125865
v 0.052486 1.054782 -0.126683
v 0.072209 0.975307 -0.124112
v 0.139529 1.008486 -0.123410
v 0.122902 0.960904 -0.118385
v 0.148494 0.975821 -0.118151
v 0.155340 0.943928 -0.091974
v 0.164305 0.962190 -0.100738
v 0.186636 0.949587 -0.063809
v -0.119316 1.123970 -0.118970
v -0.080196 1.122941 -0.121190
v -0.040587 1.122426 -0.122592
v 0.002445 1.121912 -0.123761
v 0.048737 1.121655 -0.123294
v 0.089976 1.120626 -0.122008
v 0.156806 1.120369 -0.119671
v 0.200002 1.005400 -0.121307
v 0.217605 1.113167 -0.118619
v 0.265528 1.105194 -0.119320
v 0.276123 1.138887 -0.113126
v 0.316710 1.114453 -0.113477
v 0.087857 1.166151 -0.114646
v 0.045151 1.166922 -0.116165
v 0.000000 1.166922 -0.114412
v -0.042054 1.167437 -0.113827
v -0.080685 1.168465 -0.112191
v -0.119968 1.168208 -0.111373
v -0.171477 1.123712 -0.115113
v -0.172780 1.167437 -0.107984
v -0.177507 1.165379 -0.105179
v -0.181745 1.172066 -0.084377
v -0.184842 1.169237 -0.084260
v -0.187288 1.174638 -0.058784
v -0.190547 1.172066 -0.058082
v -0.191526 1.176696 -0.030035
v -0.194622 1.174124 -0.029918
v -0.193155 1.177210 0.002103
v -0.196090 1.174638 0.002688
v -0.177671 1.122169 -0.113944
v -0.204239 1.127056 -0.088818
v -0.209455 1.142488 -0.072106
v -0.210433 1.155605 -0.050837
v -0.211085 1.161007 -0.028282
v -0.210922 1.164350 0.000234
v -0.224452 1.156891 -0.025711
v -0.223311 1.160749 0.000234
v -0.226082 1.148918 -0.046863
v -0.225756 1.132200 -0.067782
v -0.200164 1.103393 -0.098167
v -0.542465 1.120626 -0.109387
v -0.542465 1.094906 -0.119320
v -0.542302 1.066099 -0.122592
v -0.533500 1.035235 -0.121540
v -0.545725 1.036006 -0.117450
v -0.531055 1.010544 -0.110555
v -0.546214 1.010029 -0.105764
v -0.533337 0.986110 -0.091506
v -0.546377 0.989968 -0.086013
v -0.536108 0.968363 -0.069185
v -0.550615 0.973507 -0.064276
v -0.540183 0.951130 -0.040202
v -0.552897 0.958075 -0.037981
v -0.554364 0.950873 -0.008531
v -0.218257 0.974278 -0.062056
v -0.217931 0.994854 -0.084260
v -0.196090 0.972735 -0.063575
v -0.195111 0.993311 -0.085780
v -0.169031 0.960132 -0.069185
v -0.161533 0.963219 -0.094077
v -0.144744 0.947272 -0.071522
v -0.136105 0.950358 -0.098635
v -0.131215 0.933640 -0.067665
v -0.113122 0.940070 -0.101790
v -0.097963 0.927725 -0.104829
v -0.095518 0.947786 -0.120021
v -0.063407 0.929268 -0.117801
v -0.029666 0.928496 -0.120956
v -0.123228 0.957046 -0.121190
v -0.150286 0.962190 -0.116165
v -0.156317 0.966562 -0.111958
v -0.193807 1.011315 -0.095713
v -0.217443 1.016974 -0.095830
v 0.154035 0.960132 0.101440
v 0.175877 0.952673 0.075145
v 0.194297 0.973250 0.105764
v 0.207663 0.966819 0.068367
v 0.240589 0.965019 0.114061
v 0.278242 0.953445 0.036462
v 0.278894 0.953702 0.032489
v 0.312472 0.938527 0.031904
v 0.194460 0.948044 0.037864
v -0.128607 1.169237 0.118853
v -0.082804 1.115739 0.123527
v -0.077588 1.169237 0.120021
v -0.033904 1.114710 0.125163
v -0.032437 1.166922 0.121307
v -0.000163 1.166665 0.121774
v -0.081174 1.064556 0.122709
v -0.035208 1.064042 0.125047
v 0.002445 1.113167 0.126215
v 0.010921 1.063784 0.126332
v 0.047922 1.111881 0.127267
v 0.069764 1.058126 0.127033
v 0.106928 1.109824 0.125514
v 0.134312 1.009772 0.122826
v 0.169683 1.106737 0.123177
v 0.199349 1.015173 0.122475
v 0.217769 1.103651 0.122008
v 0.264550 1.092334 0.121540
v 0.272863 1.140945 0.119086
v 0.314102 1.119854 0.118035
v -0.080685 1.000770 0.120138
v -0.035045 0.999484 0.122125
v 0.010758 0.998455 0.123410
v 0.088346 0.984823 0.123410
v 0.114915 0.960646 0.119203
v 0.147352 0.978136 0.120021
v 0.139854 0.945986 0.103543
v 0.154035 0.960132 0.101440
v 0.168706 0.936984 0.073976
v 0.175877 0.952673 0.075145
v 0.188755 0.931068 0.036696
v 0.194460 0.948044 0.037864
v 0.196090 0.929782 -0.001052
v 0.201957 0.946758 -0.001519
v 0.103831 0.932612 0.116632
v 0.062103 0.943671 0.118853
v 0.008965 0.948558 0.118736
v -0.042706 0.948815 0.117450
v -0.104809 0.964247 0.114528
v -0.032763 0.898918 0.113360
v 0.008313 0.897632 0.114412
v 0.057702 0.896346 0.114412
v 0.101060 0.892231 0.112659
v 0.133008 0.924638 0.102491
v 0.131378 0.886315 0.097466
v 0.164305 0.914093 0.072924
v 0.160555 0.880143 0.070704
v 0.184517 0.906120 0.036696
v 0.179626 0.874741 0.036228
v 0.191689 0.904062 -0.000584
v 0.186309 0.872169 0.000701
v -0.086064 0.756943 -0.070003
v -0.086227 1.168208 -0.052590
v -0.104320 0.761315 -0.048032
v -0.100408 1.170266 -0.027580
v -0.115567 0.762087 -0.025360
v -0.108721 1.171552 -0.000701
v -0.119153 0.762601 -0.001987
v -0.117686 0.763373 0.019633
v -0.104320 1.171038 0.025360
v -0.109047 0.762858 0.039851
v -0.088183 1.168980 0.051772
v -0.089161 0.762858 0.059602
v -0.070090 1.168465 0.070003
v -0.062592 0.760801 0.074327
v -0.034067 1.167437 0.087182
v -0.027221 0.756428 0.081806
v 0.000326 1.166665 0.090805
v 0.010269 0.755142 0.082858
v 0.041728 1.164608 0.089519
v 0.054279 0.753857 0.081455
v 0.082315 1.167179 0.078300
v 0.085412 0.752056 0.076547
v 0.103994 1.167437 0.061121
v 0.112307 0.750256 0.062406
v 0.117197 1.167437 0.044058
v 0.128118 0.750256 0.045461
v 0.127303 1.167694 0.018699
v 0.135779 0.751284 0.026645
v 0.129096 1.167437 -0.006428
v 0.141158 0.749741 0.004207
v 0.139040 0.747684 -0.017530
v 0.121273 1.168465 -0.025360
v 0.131378 0.746912 -0.038449
v 0.104646 1.166408 -0.052590
v 0.113448 0.747941 -0.060303
v 0.084760 1.165893 -0.070704
v 0.092910 0.749998 -0.073392
v 0.057376 1.165379 -0.081456
v 0.055746 0.751542 -0.084494
v 0.028525 1.164093 -0.084611
v 0.011084 0.757200 -0.085780
v -0.002119 1.162550 -0.084845
v -0.027058 0.758229 -0.086130
v -0.037816 1.165122 -0.084611
v -0.059495 0.756686 -0.080754
v -0.062429 1.164093 -0.072457
v -0.086064 0.756943 -0.070003
v -0.086227 1.168208 -0.052590
v 0.164957 0.755142 0.004207
v 0.161370 0.751799 0.032372
v 0.141158 0.749741 0.004207
v 0.135779 0.751284 0.026645
v 0.148656 0.751799 0.059718
v 0.124532 0.753857 0.082390
v 0.091606 0.755142 0.097232
v 0.056235 0.755400 0.100622
v 0.009780 0.756428 0.101440
v -0.029503 0.759515 0.100037
v -0.067645 0.763373 0.096648
v -0.066830 0.897889 0.107517
v -0.105298 0.894031 0.084611
v -0.078566 0.936984 0.112425
v -0.108395 0.934669 0.088701
v -0.129585 0.892488 0.058783
v -0.102527 0.766717 0.077716
v -0.062592 0.760801 0.074327
v -0.027221 0.756428 0.081806
v 0.010269 0.755142 0.082858
v 0.054279 0.753857 0.081455
v 0.085412 0.752056 0.076547
v 0.112307 0.750256 0.062406
v 0.128118 0.750256 0.045461
v 0.311005 0.936470 -0.035177
v 0.356319 0.909206 -0.034592
v 0.355830 0.908949 -0.038332
v 0.400003 0.876027 -0.037631
v 0.399840 0.875770 -0.033073
v 0.437819 0.841048 -0.035060
v 0.438960 0.842334 -0.031437
v 0.474331 0.800153 -0.034359
v 0.474820 0.799896 -0.029684
v 0.508398 0.748455 -0.032255
v 0.508561 0.747941 -0.027580
v 0.542628 0.675924 -0.030152
v 0.545562 0.675924 -0.026295
v 0.548985 0.668723 -0.029567
v 0.551430 0.669494 -0.027230
v 0.556972 0.664350 -0.027931
v 0.355178 0.909206 -0.108802
v 0.399840 0.874741 -0.107634
v 0.438145 0.839762 -0.106815
v 0.474494 0.801182 -0.106582
v 0.509376 0.748198 -0.104946
v 0.542139 0.677468 -0.067899
v 0.548497 0.668980 -0.067782
v 0.556809 0.662293 -0.030268
v 0.542466 0.679525 -0.103193
v 0.548660 0.671295 -0.104128
v 0.555506 0.667180 -0.104011
v 0.556483 0.663579 -0.067315
v 0.559417 0.665379 -0.027697
v 0.559743 0.671295 -0.027463
v 0.556972 0.664350 -0.027931
v 0.551430 0.669494 -0.027230
v 0.559254 0.681583 -0.026529
v 0.545562 0.675924 -0.026295
v 0.508561 0.747941 -0.027580
v 0.541161 0.760544 -0.021620
v 0.528773 0.803753 -0.018231
v 0.474820 0.799896 -0.029684
v 0.517526 0.840019 -0.016829
v 0.438960 0.842334 -0.031437
v 0.503182 0.879371 -0.015660
v 0.487860 0.914608 -0.014375
v 0.399840 0.875770 -0.033073
v 0.467974 0.952673 -0.013907
v 0.356319 0.909206 -0.034592
v 0.441731 0.994597 -0.013206
v 0.410272 1.037035 -0.010050
v 0.311005 0.936470 -0.035177
v 0.394135 1.054525 -0.008414
v 0.278079 0.952159 -0.030969
v 0.269277 0.955503 -0.023607
v 0.388430 1.061470 -0.004090
v 0.262268 0.958846 -0.014024
v 0.385659 1.062498 0.002337
v 0.259334 0.960132 0.000818
v 0.262594 0.959103 0.014374
v 0.386963 1.061727 0.009583
v 0.268462 0.957303 0.025126
v 0.391364 1.057097 0.016361
v 0.278894 0.953702 0.032489
v 0.312472 0.938527 0.031904
v 0.409783 1.038836 0.017647
v 0.359253 0.911521 0.034125
v 0.442057 0.995369 0.023490
v 0.467648 0.954988 0.026412
v 0.404078 0.880914 0.038098
v 0.487697 0.918208 0.026528
v 0.443850 0.843105 0.044643
v 0.503508 0.881171 0.029333
v 0.517037 0.841562 0.031437
v 0.482318 0.796552 0.044993
v 0.528447 0.803496 0.033774
v 0.511169 0.749227 0.046980
v 0.543280 0.756428 0.037280
v 0.542954 0.681068 0.044643
v 0.560233 0.682354 0.041370
v 0.549311 0.673352 0.046162
v 0.559417 0.676439 0.045227
v 0.556646 0.665636 0.050252
v 0.559581 0.666151 0.050252
v -0.198860 1.033435 0.100972
v -0.202609 1.065585 0.104011
v -0.203261 1.094134 0.100855
v -0.163326 0.945729 -0.000935
v -0.177671 0.958332 0.029918
v -0.181093 0.953959 -0.001987
v -0.199187 0.962447 0.027931
v -0.198697 0.958589 -0.002104
v -0.219399 0.962190 0.026528
v -0.219561 0.959361 -0.001519
v -0.541161 0.945986 -0.006895
v -0.197556 0.968877 0.050603
v -0.218257 0.969391 0.047681
v -0.543769 0.957046 0.048149
v -0.543443 0.948558 0.023724
v -0.555342 0.954216 0.022906
v -0.554364 0.950873 -0.008531
v -0.545399 0.977879 0.077833
v -0.556483 0.982766 0.074444
v -0.555668 1.007200 0.095479
v -0.555505 1.036778 0.108218
v -0.554527 1.067385 0.110204
v -0.553875 1.096192 0.107166
v -0.549311 1.128856 0.093609
v -0.547192 1.153548 0.074561
v -0.547029 1.170780 0.051538
v -0.548007 1.179525 0.022088
v -0.546540 1.181583 -0.006545
v -0.556972 0.963476 0.046980
v 0.555506 0.667180 -0.104011
v 0.558439 0.668723 -0.104712
v 0.556483 0.663579 -0.067315
v 0.561536 0.664093 -0.066847
v 0.556809 0.662293 -0.030268
v 0.561210 0.662550 -0.029801
v 0.559417 0.665379 -0.027697
v 0.561699 0.671038 -0.029450
v 0.559743 0.671295 -0.027463
v 0.560395 0.682097 -0.028515
v 0.559254 0.681583 -0.026529
v 0.541161 0.760544 -0.021620
v 0.561536 0.672838 -0.067665
v 0.560233 0.683640 -0.068250
v 0.542628 0.760801 -0.023139
v 0.540021 0.760287 -0.111490
v 0.528936 0.802468 -0.111841
v 0.558602 0.677210 -0.105530
v 0.557298 0.686984 -0.106932
v -0.089161 0.762858 0.059602
v -0.109047 0.762858 0.039851
v -0.127303 0.766974 0.052005
v 0.192504 0.978651 0.119671
v 0.240752 0.968877 0.120372
v 0.194297 0.973250 0.105764
v 0.240589 0.965019 0.114061
v 0.201957 0.946758 -0.001519
v 0.196090 0.929782 -0.001052
v 0.198209 0.945215 -0.031905
v 0.189244 0.932097 -0.032372
v 0.176367 0.937241 -0.064861
v 0.150776 0.914608 -0.087766
v 0.112633 0.922066 -0.110555
v 0.109536 0.880657 -0.106582
v 0.071231 0.924896 -0.118736
v 0.065689 0.882457 -0.114762
v 0.014996 0.926953 -0.121073
v 0.014833 0.882457 -0.116282
v -0.027384 0.885544 -0.116048
v -0.029666 0.761830 -0.099102
v -0.063081 0.764145 -0.096999
v -0.059495 0.756686 -0.080754
v -0.086064 0.756943 -0.070003
v -0.059984 0.887601 -0.111958
v -0.096659 0.889144 -0.094661
v -0.095192 0.765688 -0.082858
v -0.126325 0.890688 -0.062640
v -0.140343 0.892488 -0.032021
v -0.147515 0.935698 -0.033073
v -0.145559 0.892745 -0.001987
v -0.153709 0.937498 -0.000234
v -0.154035 0.946500 -0.035294
v -0.175062 0.956274 -0.032372
v -0.198535 0.960132 -0.033891
v -0.219072 0.962447 -0.033424
v -0.163326 0.945729 -0.000935
v -0.181093 0.953959 -0.001987
v -0.198697 0.958589 -0.002104
v -0.219561 0.959361 -0.001519
v -0.541161 0.945986 -0.006895
v -0.104320 0.761315 -0.048032
v -0.120620 0.766459 -0.056914
v -0.115567 0.762087 -0.025360
v -0.134475 0.766974 -0.029567
v -0.119153 0.762601 -0.001987
v -0.139039 0.767745 -0.003389
v 0.555506 0.658692 0.117216
v 0.555994 0.659721 0.084962
v 0.559091 0.661521 0.116281
v 0.560558 0.662550 0.084611
v 0.561210 0.674638 0.084728
v 0.560558 0.664608 0.053057
v 0.561536 0.676953 0.046396
v 0.559581 0.666151 0.050252
v 0.559417 0.676439 0.045227
v 0.556646 0.663321 0.052707
v -0.027058 0.758229 -0.086130
v 0.011573 0.760287 -0.099920
v 0.011084 0.757200 -0.085780
v 0.055746 0.751542 -0.084494
v 0.059006 0.757200 -0.098518
v 0.092910 0.749998 -0.073392
v 0.101549 0.756943 -0.089402
v 0.113448 0.747941 -0.060303
v 0.131704 0.755400 -0.072924
v 0.144581 0.876799 -0.085546
v 0.167402 0.874484 -0.059602
v 0.171965 0.909463 -0.062406
v 0.185658 0.906634 -0.031671
v 0.131378 0.746912 -0.038449
v 0.149960 0.753085 -0.048850
v 0.139040 0.747684 -0.017530
v 0.161533 0.755142 -0.022906
v 0.141158 0.749741 0.004207
v 0.164957 0.755142 0.004207
v 0.181257 0.872941 -0.030268
v 0.186309 0.872169 0.000701
v 0.191689 0.904062 -0.000584
v 0.558602 0.673610 0.121774
v 0.560558 0.683126 0.084728
v 0.557135 0.683126 0.123995
v 0.541976 0.760287 0.122709
v 0.561699 0.683383 0.043123
v 0.544584 0.757200 0.038916
v 0.543280 0.756428 0.037280
v 0.528447 0.803496 0.033774
v 0.560233 0.682354 0.041370
v 0.530241 0.804268 0.035410
v 0.527306 0.806583 0.121891
v 0.516222 0.841562 0.122359
v 0.518667 0.841562 0.033424
v 0.500900 0.880657 0.122475
v 0.517037 0.841562 0.031437
v 0.504160 0.881686 0.031904
v 0.484926 0.918466 0.122242
v 0.503508 0.881171 0.029333
v 0.487697 0.918208 0.026528
v 0.488186 0.918466 0.028866
v 0.467648 0.954988 0.026412
v 0.468137 0.955503 0.028632
v 0.442057 0.995369 0.023490
v 0.442546 0.995883 0.025477
v 0.409783 1.038836 0.017647
v 0.408805 1.039350 0.020919
v 0.391364 1.057097 0.016361
v 0.390712 1.058383 0.019166
v 0.385659 1.063527 0.011570
v 0.387452 1.059926 0.119203
v 0.355341 1.088476 0.118502
v 0.407175 1.039350 0.120956
v 0.441079 0.995626 0.122826
v 0.466181 0.955245 0.122475
v 0.225430 1.153805 0.118502
v 0.174736 1.162292 0.120255
v 0.103831 1.165379 0.121657
v 0.044499 1.166408 0.122008
v 0.386963 1.061727 0.009583
v 0.383703 1.065585 0.002220
v 0.360394 1.088733 0.001987
v 0.386311 1.064042 -0.006778
v 0.360068 1.084875 -0.112776
v 0.390060 1.056840 -0.112542
v 0.385659 1.062498 0.002337
v 0.388430 1.061470 -0.004090
v 0.393157 1.056068 -0.010985
v 0.409620 1.038064 -0.012622
v 0.408805 1.033435 -0.112892
v 0.442220 0.995883 -0.015193
v 0.441079 0.994083 -0.112892
v 0.468952 0.953445 -0.015660
v 0.467811 0.950358 -0.112776
v 0.488349 0.915379 -0.016595
v 0.485578 0.911521 -0.113477
v 0.503834 0.880143 -0.017647
v 0.502856 0.878856 -0.112892
v 0.518015 0.840276 -0.019166
v 0.517201 0.840276 -0.112542
v 0.394135 1.054525 -0.008414
v 0.410272 1.037035 -0.010050
v 0.441731 0.994597 -0.013206
v 0.467974 0.952673 -0.013907
v 0.487860 0.914608 -0.014375
v 0.503182 0.879371 -0.015660
v 0.517526 0.840019 -0.016829
v 0.530077 0.804011 -0.019867
v 0.528773 0.803753 -0.018231
v 0.317851 1.121398 0.001402
v 0.314102 1.119854 0.118035
v 0.277264 1.143260 0.000701
v 0.272863 1.140945 0.119086
v 0.228364 1.160492 -0.000117
v 0.225430 1.153805 0.118502
v 0.184027 1.166922 0.080404
v 0.174736 1.162292 0.120255
v 0.118827 1.168723 0.078534
v 0.103831 1.165379 0.121657
v 0.090302 1.168465 0.098401
v 0.044499 1.166408 0.122008
v 0.044010 1.168465 0.108919
v 0.000326 1.169237 0.109386
v 0.041402 1.167951 0.093960
v 0.000652 1.169751 0.095596
v 0.041728 1.164608 0.089519
v 0.000326 1.166665 0.090805
v 0.316710 1.114453 -0.113477
v 0.276123 1.138887 -0.113126
v 0.225267 1.156891 -0.111256
v 0.190547 1.167437 -0.036462
v 0.191037 1.167179 -0.001169
v 0.151101 1.169751 -0.003272
v 0.188918 1.167437 0.028048
v 0.147515 1.169751 0.025009
v 0.135779 1.169494 0.055044
v 0.128444 1.170780 0.020451
v 0.118175 1.170523 0.046162
v 0.127303 1.167694 0.018699
v 0.117197 1.167437 0.044058
v 0.104320 1.170523 0.063926
v 0.103994 1.167437 0.061121
v 0.082315 1.167179 0.078300
v 0.082967 1.170266 0.082741
v -0.000163 1.166665 0.121774
v -0.030644 1.170780 0.107867
v -0.032437 1.166922 0.121307
v -0.070416 1.172323 0.101440
v -0.077588 1.169237 0.120021
v -0.128607 1.169237 0.118853
v -0.034230 1.170780 0.091623
v -0.067971 1.171809 0.076664
v -0.091117 1.172323 0.055394
v -0.070090 1.168465 0.070003
v -0.088183 1.168980 0.051772
v -0.034067 1.167437 0.087182
v 0.130563 1.170523 -0.004441
v 0.129096 1.167437 -0.006428
v 0.146374 1.170266 -0.032956
v 0.187451 1.167694 -0.075145
v 0.165282 1.164865 -0.111958
v 0.128444 1.170523 -0.062173
v 0.125184 1.172323 -0.026412
v 0.099756 1.170266 -0.086598
v 0.109210 1.170523 -0.054810
v 0.088020 1.170009 -0.074561
v 0.104646 1.166408 -0.052590
v 0.084760 1.165893 -0.070704
v 0.087857 1.166151 -0.114646
v 0.065526 1.169494 -0.096999
v 0.059332 1.169494 -0.085780
v 0.057376 1.165379 -0.081456
v 0.045151 1.166922 -0.116165
v 0.032600 1.168980 -0.101323
v 0.029014 1.168465 -0.088818
v 0.028525 1.164093 -0.084611
v -0.002119 1.166922 -0.089052
v -0.001793 1.168980 -0.102375
v -0.038142 1.169494 -0.086598
v -0.040750 1.169494 -0.100622
v -0.065200 1.168723 -0.076197
v -0.078077 1.170523 -0.096298
v -0.092747 1.172581 -0.054693
v -0.138224 1.174638 -0.069886
v -0.105787 1.174896 -0.028165
v -0.143277 1.176439 -0.032255
v -0.110025 1.174896 0.000935
v -0.143929 1.176439 0.000584
v -0.106113 1.174381 0.027463
v -0.142788 1.175924 0.035878
v -0.132030 1.174381 0.080521
v -0.108721 1.171552 -0.000701
v -0.104320 1.171038 0.025360
v -0.100408 1.170266 -0.027580
v -0.086227 1.168208 -0.052590
v -0.062429 1.164093 -0.072457
v -0.037816 1.165122 -0.084611
v -0.002119 1.162550 -0.084845
v 0.121273 1.168465 -0.025360
v 0.000000 1.166922 -0.114412
v -0.042054 1.167437 -0.113827
v -0.080685 1.168465 -0.112191
v -0.119968 1.168208 -0.111373
v -0.172780 1.167437 -0.107984
v -0.181745 1.172066 -0.084377
v -0.187288 1.174638 -0.058784
v -0.191526 1.176696 -0.030035
v -0.193155 1.177210 0.002103
v -0.192829 1.176953 0.036228
v -0.190221 1.176696 0.064393
v -0.183538 1.175153 0.090922
v -0.172943 1.171295 0.115931
v 0.280035 0.953445 0.113477
v 0.312635 0.937498 0.036930
v 0.319644 0.938013 0.113594
v 0.358927 0.911007 0.038215
v 0.362676 0.913321 0.116281
v 0.403752 0.877828 0.044876
v 0.407338 0.879885 0.118853
v 0.443687 0.841562 0.048850
v 0.446132 0.843105 0.119086
v 0.481992 0.795523 0.049902
v 0.483785 0.796552 0.119671
v 0.511495 0.749227 0.050603
v 0.512962 0.747169 0.120489
v 0.543117 0.672838 0.084494
v 0.543770 0.674638 0.120839
v 0.547355 0.666922 0.084494
v 0.547518 0.666922 0.120956
v 0.555506 0.658692 0.117216
v 0.359253 0.911521 0.034125
v 0.404078 0.880914 0.038098
v 0.443850 0.843105 0.044643
v 0.482318 0.796552 0.044993
v 0.511169 0.749227 0.046980
v 0.542954 0.681068 0.044643
v 0.543117 0.676439 0.048149
v 0.549311 0.673352 0.046162
v 0.548497 0.671552 0.049200
v 0.556646 0.665636 0.050252
v 0.556646 0.663321 0.052707
v 0.555994 0.659721 0.084962
v 0.193971 0.973764 -0.116983
v 0.196905 0.969391 -0.108452
v 0.241730 0.994854 -0.119905
v 0.235373 0.965276 -0.116399
v 0.235210 0.963733 -0.110789
v 0.282317 0.981480 -0.118736
v 0.274330 0.953702 -0.115113
v 0.274004 0.951130 -0.109620
v 0.318992 0.961161 -0.119554
v 0.310190 0.938784 -0.115347
v 0.310842 0.934669 -0.109971
v 0.365936 0.931068 -0.118970
v 0.355504 0.912293 -0.114178
v 0.355178 0.909206 -0.108802
v 0.401470 0.875513 -0.113711
v 0.417281 0.976336 -0.119086
v 0.384844 1.016716 -0.118736
v 0.408805 1.033435 -0.112892
v 0.390060 1.056840 -0.112542
v 0.367240 1.035749 -0.119086
v 0.360068 1.084875 -0.112776
v 0.338226 1.063013 -0.118970
v 0.299758 1.088733 -0.119086
v 0.225267 1.156891 -0.111256
v 0.165282 1.164865 -0.111958
v 0.441079 0.994083 -0.112892
v 0.467811 0.950358 -0.112776
v 0.485578 0.911521 -0.113477
v 0.438797 0.842077 -0.112659
v 0.502856 0.878856 -0.112892
v 0.517201 0.840276 -0.112542
v 0.399840 0.874741 -0.107634
v 0.438145 0.839762 -0.106815
v 0.475309 0.802210 -0.111023
v 0.474494 0.801182 -0.106582
v 0.511006 0.749998 -0.109387
v 0.509376 0.748198 -0.104946
v 0.543770 0.684155 -0.106815
v 0.542466 0.679525 -0.103193
v 0.548660 0.674896 -0.106699
v 0.548660 0.671295 -0.104128
v 0.554690 0.669237 -0.106465
v 0.555506 0.667180 -0.104011
v 0.558439 0.668723 -0.104712
v 0.526817 0.801696 -0.114178
v 0.537901 0.759515 -0.113711
v 0.555832 0.685955 -0.109270
v 0.556809 0.677468 -0.107867
v 0.556972 0.670780 -0.106815
v 0.558602 0.677210 -0.105530
v 0.528936 0.802468 -0.111841
v 0.540021 0.760287 -0.111490
v 0.557298 0.686984 -0.106932
v 0.441079 0.995626 0.122826
v 0.407175 1.039350 0.120956
v 0.388267 1.012601 0.124813
v 0.363328 1.032406 0.123410
v 0.334803 0.971963 0.123177
v 0.292912 0.990225 0.122826
v 0.281339 0.956788 0.118853
v 0.280035 0.953445 0.113477
v 0.319807 0.939299 0.119671
v 0.378487 0.936984 0.124579
v 0.418585 0.982251 0.125047
v 0.466181 0.955245 0.122475
v 0.409783 0.882200 0.122826
v 0.484926 0.918466 0.122242
v 0.448903 0.844649 0.122826
v 0.500900 0.880657 0.122475
v 0.516222 0.841562 0.122359
v 0.363328 0.914350 0.121540
v 0.362676 0.913321 0.116281
v 0.319644 0.938013 0.113594
v 0.407338 0.879885 0.118853
v 0.446132 0.843105 0.119086
v 0.483785 0.796552 0.119671
v 0.486556 0.797838 0.124229
v 0.512962 0.747169 0.120489
v 0.515733 0.748455 0.125280
v 0.545562 0.676182 0.124345
v 0.554364 0.683897 0.126215
v 0.556809 0.672838 0.124229
v 0.557135 0.683126 0.123995
v 0.558602 0.673610 0.121774
v 0.541976 0.760287 0.122709
v 0.539531 0.759258 0.124229
v 0.525187 0.805040 0.123060
v 0.527306 0.806583 0.121891
v 0.387452 1.059926 0.119203
v 0.332847 1.055040 0.121774
v 0.290467 1.081017 0.121891
v 0.249717 1.004628 0.123410
v 0.355341 1.088476 0.118502
v 0.543770 0.674638 0.120839
v 0.549475 0.667694 0.123878
v 0.557787 0.662550 0.120489
v 0.559091 0.661521 0.116281
v 0.555506 0.658692 0.117216
v 0.554038 0.660750 0.121073
v 0.547518 0.666922 0.120956
v -0.547029 1.179525 -0.035995
v -0.551104 1.151747 -0.042422
v -0.546540 1.181583 -0.006545
v -0.552245 1.157920 0.005610
v -0.548007 1.179525 0.022088
v -0.553549 1.143774 0.049434
v -0.547029 1.170780 0.051538
v -0.547192 1.153548 0.074561
v -0.554038 1.116768 -0.015777
v -0.555668 1.098507 0.032138
v -0.555831 1.104422 0.077482
v -0.549311 1.128856 0.093609
v -0.553875 1.096192 0.107166
v -0.558439 1.054782 0.082858
v -0.558928 1.044494 0.036696
v -0.557788 1.019803 -0.004792
v -0.561699 0.982766 0.026528
v -0.559743 0.979422 -0.019867
v -0.554364 0.950873 -0.008531
v -0.552897 0.958075 -0.037981
v -0.556483 1.041922 -0.047681
v -0.557788 0.999484 -0.061471
v -0.553223 1.033949 -0.089169
v -0.546377 0.989968 -0.086013
v -0.546214 1.010029 -0.105764
v -0.553712 1.091305 -0.053642
v -0.551104 1.078188 -0.096882
v -0.545725 1.036006 -0.117450
v -0.550126 1.121655 -0.081573
v -0.542465 1.120626 -0.109387
v -0.542465 1.094906 -0.119320
v -0.545888 1.166665 -0.064627
v -0.541487 1.148661 -0.090688
v -0.550615 0.973507 -0.064276
v -0.554527 1.067385 0.110204
v -0.555505 1.036778 0.108218
v -0.555668 1.007200 0.095479
v -0.560721 1.010286 0.063575
v -0.556483 0.982766 0.074444
v -0.556972 0.963476 0.046980
v -0.555342 0.954216 0.022906
v -0.542302 1.066099 -0.122592
v 0.556646 0.665636 0.050252
v 0.556972 0.664350 -0.027931
v 0.139044 0.747685 -0.017529
v 0.131383 0.746914 -0.038448
v 0.121277 1.172582 -0.025359
v 0.104651 1.170524 -0.052589
v 0.113453 0.747942 -0.060302
v 0.084765 1.170010 -0.070703
v 0.092915 0.750000 -0.073391
v 0.057381 1.169496 -0.081455
v 0.055750 0.751543 -0.084493
v 0.028529 1.168467 -0.084610
v 0.011088 0.757202 -0.085779
v -0.002114 1.166667 -0.084844
v -0.027054 0.758231 -0.086130
v -0.037812 1.169496 -0.084610
v -0.059491 0.756687 -0.080754
v -0.062425 1.168467 -0.072456
v -0.086060 0.756944 -0.070002
v -0.086223 1.172325 -0.052589
v -0.104316 0.761317 -0.048031
v -0.100404 1.174640 -0.027580
v -0.115563 0.762088 -0.025359
v -0.105131 1.174640 0.000936
v -0.119149 0.762603 -0.001986
v -0.116704 0.544496 -0.001869
v -0.113281 0.544753 -0.025125
v -0.118986 0.326903 -0.001636
v -0.115726 0.327675 -0.025944
v -0.122246 -0.126286 0.000819
v -0.118986 -0.126286 -0.025710
v -0.119801 -0.353138 -0.025359
v -0.108880 -0.353395 -0.050836
v -0.118334 -0.579732 -0.024424
v -0.108065 -0.580504 -0.051420
v -0.120779 -0.870113 -0.022905
v -0.110347 -0.870113 -0.048382
v -0.131048 -1.160494 -0.023490
v -0.119964 -1.159722 -0.048849
v -0.121431 -1.195216 -0.048616
v -0.103664 -1.192901 -0.073508
v -0.105294 -1.224794 -0.071404
v -0.076117 -1.225308 -0.092908
v -0.105131 0.544753 -0.044993
v -0.106435 0.327932 -0.046395
v -0.107902 -0.126286 -0.049200
v -0.093232 -0.353395 -0.069067
v -0.093232 -0.580247 -0.070586
v -0.093232 -0.870627 -0.068249
v -0.100893 -1.161008 -0.074443
v -0.075465 -1.193158 -0.093609
v -0.042213 -1.195216 -0.103426
v -0.042539 -1.228138 -0.104828
v 0.026900 -1.195987 -0.112541
v 0.026410 -1.230196 -0.112892
v 0.096012 -1.231481 -0.111139
v -0.042050 -1.162037 -0.102608
v -0.073998 -1.161265 -0.092908
v -0.068293 -0.870627 -0.083558
v -0.067804 -0.580247 -0.086597
v -0.067804 -0.353652 -0.084493
v -0.093069 -0.126800 -0.067665
v -0.037812 -0.870370 -0.092090
v -0.036671 -0.579218 -0.095479
v -0.036671 -0.353138 -0.092674
v -0.068293 -0.127315 -0.083325
v -0.037160 -0.126800 -0.091739
v -0.037323 0.325617 -0.085545
v 0.065204 0.325874 -0.085779
v 0.059011 0.540123 -0.082974
v 0.093567 0.538066 -0.074794
v 0.027552 -1.161780 -0.110554
v 0.096827 -1.196759 -0.110438
v 0.132687 -1.231739 -0.095829
v 0.090307 -0.870627 -0.092674
v 0.097316 -1.162294 -0.107516
v 0.134317 -1.196502 -0.095946
v 0.162027 -1.231224 -0.070119
v 0.123396 -0.869342 -0.084610
v 0.134317 -1.161008 -0.093492
v 0.161864 -1.194959 -0.070937
v 0.185499 -1.225823 -0.031436
v 0.086069 -0.578961 -0.094661
v 0.080852 -0.352881 -0.092674
v 0.075799 -0.126543 -0.091505
v 0.117528 -0.577418 -0.085428
v 0.112801 -0.351337 -0.083909
v 0.108400 -0.125257 -0.082740
v 0.097805 0.326646 -0.077365
v 0.120136 0.326646 -0.064743
v 0.116876 0.537294 -0.062523
v 0.135295 0.536780 -0.040902
v 0.143934 0.537551 -0.017529
v -0.122735 -0.352624 0.001987
v -0.122083 -0.578961 0.003156
v -0.124854 -0.870370 0.007363
v -0.135938 -1.161780 0.011453
v -0.132352 -1.197016 -0.022321
v -0.137405 -1.199588 0.012622
v -0.129418 -1.234053 -0.020100
v -0.133493 -1.237397 0.013674
v -0.121431 -1.230710 -0.047564
v -0.089809 0.543724 -0.061705
v -0.068293 0.543467 -0.073859
v -0.091276 0.326903 -0.062990
v -0.067315 0.325617 -0.077248
v -0.038138 0.542181 -0.082273
v 0.150291 0.327418 -0.017763
v 0.139370 0.326903 -0.043357
v 0.132035 -0.125257 -0.065210
v 0.149150 -0.125000 -0.040084
v 0.138066 -0.351337 -0.065327
v 0.142956 -0.577160 -0.064626
v 0.148335 -0.867798 -0.064860
v 0.160071 -1.158436 -0.070236
v 0.155344 -0.351080 -0.038916
v 0.160071 -0.577160 -0.037163
v 0.168058 -0.865998 -0.034826
v 0.181913 -1.154578 -0.034942
v 0.184521 -1.190072 -0.033540
v 0.159093 -0.125257 -0.011920
v 0.164798 -0.351337 -0.009232
v 0.169688 -0.577932 -0.006310
v 0.177186 -0.864969 -0.003038
v 0.192671 -1.152006 -0.000818
v 0.194138 -1.188014 -0.001051
v 0.193160 -1.224280 -0.000818
v 0.193160 -1.224280 -0.000818
v 0.194138 -1.188014 -0.001051
v 0.194301 -1.223765 0.031204
v 0.196257 -1.188014 0.031671
v 0.188596 -1.188529 0.061823
v 0.186966 -1.152778 0.061238
v 0.166265 -1.154064 0.087767
v 0.151758 -0.865226 0.078885
v 0.127634 -0.865741 0.091974
v 0.143119 -0.576389 0.076548
v 0.122581 -0.574846 0.088935
v 0.141489 -0.349794 0.074327
v 0.119647 -0.348765 0.086248
v 0.136762 -0.123457 0.068484
v 0.115572 -0.122685 0.080872
v 0.131546 0.329733 0.061589
v 0.108889 0.329733 0.073743
v 0.110030 0.540123 0.066965
v 0.085743 0.539866 0.074094
v 0.112312 0.750257 0.062407
v 0.085416 0.752058 0.076548
v 0.101554 1.170524 0.060888
v 0.080527 1.170524 0.077600
v 0.101717 1.206533 0.062641
v 0.079875 1.206533 0.078768
v 0.099272 1.239455 0.062875
v 0.078082 1.241255 0.076431
v 0.129427 0.539866 0.053058
v 0.148335 0.328446 0.036930
v 0.154366 -0.124485 0.043475
v 0.160723 -0.350823 0.048149
v 0.163331 -0.577160 0.051305
v 0.171155 -0.864969 0.054460
v 0.178001 -0.865226 0.027230
v 0.194627 -1.152263 0.031788
v 0.192671 -1.152006 -0.000818
v 0.186966 -1.224280 0.061005
v 0.167080 -1.189558 0.089169
v 0.166102 -1.225566 0.088468
v 0.137251 -1.190844 0.105998
v 0.137577 -1.226080 0.105180
v 0.103510 -1.191358 0.115815
v 0.103347 -1.226594 0.115230
v 0.074170 -1.192130 0.121191
v 0.074006 -1.228138 0.119554
v 0.018587 -1.193158 0.126333
v 0.019401 -1.229681 0.125164
v -0.035693 -1.229681 0.125164
v 0.136273 -1.155864 0.104595
v 0.103021 -1.156121 0.113828
v 0.073843 -1.156121 0.118736
v 0.098783 -0.865226 0.100155
v 0.071725 -0.864969 0.104595
v 0.017771 -1.156636 0.124112
v -0.037160 -1.193673 0.125748
v -0.070738 -1.231224 0.116048
v 0.097316 -0.574331 0.097934
v 0.071073 -0.574074 0.102843
v -0.032270 -0.573817 0.103310
v 0.068465 -0.348251 0.099103
v -0.032433 -0.348251 0.098519
v 0.065531 -0.122428 0.092909
v -0.032270 -0.122428 0.092091
v -0.032596 0.328961 0.082858
v -0.072042 -0.122685 0.082508
v -0.071553 0.329475 0.073392
v -0.094862 0.329475 0.058784
v -0.092417 0.546039 0.057031
v -0.107413 0.545782 0.037982
v -0.089157 0.762860 0.059602
v -0.109043 0.762860 0.039852
v -0.085245 1.172068 0.051889
v -0.100893 1.174383 0.026178
v -0.084267 1.206018 0.052006
v -0.099589 1.206790 0.026646
v -0.097307 1.240483 0.025945
v -0.103501 1.209362 0.002689
v -0.098285 1.238940 0.003507
v -0.067641 1.171553 0.069653
v -0.062588 0.760802 0.074327
v -0.067641 0.545525 0.071523
v -0.029173 0.542696 0.080054
v 0.054610 0.541409 0.079820
v 0.060315 0.329218 0.084495
v 0.087047 0.330504 0.079586
v 0.092100 -0.121914 0.088117
v 0.095034 -0.348251 0.093844
v 0.054284 0.753858 0.081456
v 0.040918 1.167953 0.088468
v 0.040755 1.207047 0.090221
v 0.000819 1.204990 0.090922
v -0.001137 1.238683 0.084495
v -0.032433 1.204475 0.086131
v -0.035204 1.237397 0.079119
v -0.065359 1.205761 0.070471
v -0.063240 1.238426 0.066965
v -0.082474 1.241255 0.050954
v -0.032596 1.170782 0.086248
v 0.000819 1.169753 0.089754
v -0.027217 0.756430 0.081807
v 0.010273 0.755144 0.082858
v -0.098285 1.238940 0.003507
v -0.096818 1.238169 -0.020451
v -0.103501 1.209362 0.002689
v -0.099426 1.207304 -0.024191
v -0.082311 1.238683 -0.048732
v -0.084267 1.206018 -0.051070
v -0.061773 1.237911 -0.063808
v -0.062914 1.203189 -0.069184
v -0.032922 1.238169 -0.074794
v -0.032759 1.200874 -0.079936
v -0.002278 1.200617 -0.083325
v 0.027714 1.201903 -0.083675
v 0.056077 1.201389 -0.079936
v 0.055587 1.238426 -0.076780
v 0.083787 1.202418 -0.069768
v 0.082483 1.240998 -0.068015
v 0.101228 1.240741 -0.051420
v -0.001789 1.236883 -0.078650
v 0.027389 1.238169 -0.079351
v 0.103999 1.202160 -0.049317
v 0.115572 1.239712 -0.028982
v 0.118343 1.201132 -0.025827
v 0.111660 1.239455 0.047448
v 0.114268 1.206533 0.045461
v 0.119647 1.239197 0.023724
v 0.123396 1.206790 0.021387
v 0.120951 1.240741 -0.001519
v 0.124374 1.207047 -0.003856
v 0.115572 1.239712 -0.028982
v 0.118343 1.201132 -0.025827
v 0.114431 1.170782 0.044293
v 0.124211 1.170782 0.019751
v 0.125841 1.170524 -0.004674
v 0.121277 1.172582 -0.025359
v 0.128123 0.750257 0.045461
v 0.135784 0.751286 0.026646
v 0.141163 0.749743 0.004208
v 0.139044 0.747685 -0.017529
v 0.141000 0.539866 0.031438
v 0.145890 0.538580 0.006545
v 0.153877 0.327675 0.009233
v 0.161212 -0.125000 0.016128
v 0.159093 -0.125257 -0.011920
v 0.167080 -0.351337 0.019868
v 0.164798 -0.351337 -0.009232
v 0.169688 -0.577932 -0.006310
v 0.171155 -0.577932 0.023257
v 0.177186 -0.864969 -0.003038
v 0.039776 1.240998 0.084962
v 0.143934 0.537551 -0.017529
v 0.150291 0.327418 -0.017763
v -0.105131 1.174640 0.000936
v -0.119149 0.762603 -0.001986
v -0.117682 0.763374 0.019634
v -0.114911 0.545267 0.018466
v -0.109858 0.328704 0.038216
v -0.095025 -0.123200 0.069419
v -0.073020 -0.348765 0.088935
v -0.116704 0.327161 0.018349
v -0.110021 -0.123971 0.049902
v -0.110021 -0.350051 0.055629
v -0.095840 -0.349537 0.075613
v -0.095677 -0.575874 0.080755
v -0.073509 -0.574846 0.094194
v -0.092580 -0.867284 0.084728
v -0.070575 -0.866255 0.096999
v -0.073020 -1.157407 0.113711
v -0.038301 -1.157665 0.123060
v -0.072531 -1.194187 0.116516
v -0.034226 -0.865741 0.105297
v -0.116704 0.544496 -0.001869
v -0.118986 0.326903 -0.001636
v -0.119149 -0.125257 0.025711
v -0.122246 -0.126286 0.000819
v -0.122735 -0.352624 0.001987
v -0.119638 -0.351595 0.029217
v -0.119312 -0.577932 0.032606
v -0.109206 -0.576389 0.061121
v -0.110510 -0.867027 0.062991
v -0.097470 -1.158436 0.098285
v -0.122083 -0.578961 0.003156
v -0.121268 -0.868827 0.036813
v -0.120127 -1.157922 0.070237
v -0.104968 -1.172068 0.080755
v -0.100567 -1.176697 0.090455
v -0.101382 -1.203446 0.081339
v -0.099100 -1.206018 0.091974
v -0.097959 -1.234825 0.081924
v -0.095188 -1.235597 0.093376
v -0.124854 -0.870370 0.007363
v -0.131700 -1.159722 0.043241
v -0.115889 -1.197788 0.068835
v -0.110510 -1.171554 0.075379
v -0.108880 -1.204475 0.071990
v -0.092091 -1.235082 0.099220
v -0.096981 -1.196759 0.100973
v -0.135938 -1.161780 0.011453
v -0.132841 -1.198817 0.044293
v -0.130396 -1.237397 0.044410
v -0.112466 -1.237397 0.069068
v -0.107739 -1.237654 0.070821
v -0.137405 -1.199588 0.012622
v -0.133493 -1.237397 0.013674
v -0.061773 1.237911 -0.063808
v -0.082311 1.238683 -0.048732
v -0.057209 1.245113 -0.055978
v -0.076443 1.245370 -0.040435
v -0.057209 1.247428 -0.004908
v -0.090298 1.244856 -0.016244
v -0.090950 1.244856 0.004675
v -0.098285 1.238940 0.003507
v -0.097307 1.240483 0.025945
v -0.032922 1.238169 -0.074794
v -0.030477 1.245113 -0.068015
v -0.001789 1.236883 -0.078650
v -0.001626 1.245628 -0.072456
v 0.027389 1.238169 -0.079351
v 0.026736 1.247428 -0.073041
v 0.054447 1.246913 -0.069652
v 0.028366 1.248457 -0.009115
v 0.070910 1.247942 -0.011219
v 0.067487 1.244856 -0.006661
v 0.072050 1.249228 0.016596
v 0.068465 1.245885 0.012622
v 0.029997 1.250000 0.019751
v 0.029345 1.245885 0.014492
v -0.006515 1.247428 0.021854
v -0.006679 1.244084 0.017531
v -0.052482 1.244084 0.018816
v -0.050526 1.245885 0.017297
v -0.053134 1.245113 -0.001051
v -0.050852 1.245628 0.000234
v -0.006515 1.245885 -0.004090
v -0.006679 1.245885 -0.001519
v 0.027877 1.245628 -0.002687
v -0.006190 1.245885 0.015310
v 0.027714 1.245885 -0.005025
v 0.066020 1.244342 -0.004557
v 0.066997 1.245370 0.010752
v -0.006842 1.247685 -0.007713
v -0.056231 1.244599 0.023140
v -0.035204 1.242284 0.068133
v -0.001300 1.245113 0.074327
v -0.035204 1.237397 0.079119
v -0.001137 1.238683 0.084495
v -0.063240 1.238426 0.066965
v -0.060306 1.244599 0.059369
v -0.082474 1.241255 0.050954
v -0.075954 1.245628 0.045812
v -0.088016 1.245885 0.025361
v -0.096818 1.238169 -0.020451
v 0.055587 1.238426 -0.076780
v 0.082483 1.240998 -0.068015
v 0.079712 1.247171 -0.061354
v 0.096663 1.249228 -0.045928
v 0.109215 1.249743 -0.024775
v 0.115572 1.239712 -0.028982
v 0.120951 1.240741 -0.001519
v 0.101228 1.240741 -0.051420
v 0.037983 1.247428 0.075029
v 0.075963 1.245885 0.069068
v 0.039776 1.240998 0.084962
v 0.078082 1.241255 0.076431
v 0.099272 1.239455 0.062875
v 0.094219 1.245628 0.056797
v 0.104977 1.243313 0.041605
v 0.112801 1.245628 0.021504
v 0.119647 1.239197 0.023724
v 0.111660 1.239455 0.047448
v -0.107739 -1.237654 0.070821
v -0.112466 -1.237397 0.069068
v -0.103664 -1.246399 0.061940
v -0.117030 -1.247685 0.038917
v -0.077584 -1.250000 0.016946
v -0.119964 -1.246142 0.012505
v -0.117519 -1.243827 -0.018698
v -0.129418 -1.234053 -0.020100
v -0.110673 -1.239455 -0.044759
v -0.121431 -1.230710 -0.047564
v -0.097796 -1.237911 -0.065094
v -0.105294 -1.224794 -0.071404
v -0.076117 -1.225308 -0.092908
v -0.130396 -1.237397 0.044410
v -0.133493 -1.237397 0.013674
v 0.194301 -1.223765 0.031204
v 0.186966 -1.224280 0.061005
v 0.175719 -1.238940 0.057966
v 0.166102 -1.225566 0.088468
v 0.157626 -1.239197 0.079937
v 0.137577 -1.226080 0.105180
v 0.132524 -1.241512 0.093610
v 0.103347 -1.226594 0.115230
v 0.099924 -1.241255 0.104712
v 0.074006 -1.228138 0.119554
v 0.069932 -1.241512 0.107167
v 0.019401 -1.229681 0.125164
v 0.021846 -1.243055 0.108803
v -0.026402 -1.242798 0.110088
v -0.023305 -1.245627 0.062991
v -0.059328 -1.242541 0.103310
v -0.056720 -1.249485 0.051188
v -0.082800 -1.246142 0.089637
v -0.090950 -1.244341 0.077249
v -0.095188 -1.235597 0.093376
v -0.097959 -1.234825 0.081924
v -0.065848 -1.247685 -0.014608
v -0.042702 -1.246399 -0.036111
v 0.025107 -1.248457 -0.053991
v 0.036028 -1.244856 0.063576
v 0.090633 -1.247170 -0.046863
v 0.095849 -1.244856 0.051071
v 0.132524 -1.245113 0.030503
v 0.139044 -1.245627 -0.025476
v 0.127471 -1.245885 -0.089402
v 0.093730 -1.244341 -0.103426
v 0.096012 -1.231481 -0.111139
v 0.026410 -1.230196 -0.112892
v 0.026410 -1.245113 -0.105646
v -0.039605 -1.243055 -0.098517
v -0.042539 -1.228138 -0.104828
v -0.072205 -1.238683 -0.085078
v -0.035693 -1.229681 0.125164
v -0.070738 -1.231224 0.116048
v -0.092091 -1.235082 0.099220
v 0.132687 -1.231739 -0.095829
v 0.154366 -1.245627 -0.064977
v 0.175230 -1.241769 -0.022788
v 0.150291 -1.244599 0.007831
v 0.181750 -1.240483 0.004441
v 0.183543 -1.240226 0.027698
v 0.193160 -1.224280 -0.000818
v 0.162027 -1.231224 -0.070119
v 0.185499 -1.225823 -0.031436
v 0.113290 1.246913 -0.001636
# num_vertices: 1342

vt 0.389291 0.404148
vt 0.394204 0.395064
vt 0.397166 0.410005
vt 0.402802 0.399247
vt 0.449621 0.429967
vt 0.456051 0.417535
vt 0.465805 0.438573
vt 0.473825 0.426261
vt 0.478593 0.431401
vt 0.488275 0.422914
vt 0.492899 0.433553
vt 0.505109 0.428174
vt 0.508433 0.442278
vt 0.522161 0.441681
vt 0.510239 0.453753
vt 0.524112 0.452797
vt 0.523028 0.601972
vt 0.537189 0.452917
vt 0.538923 0.601494
vt 0.550411 0.454231
vt 0.552217 0.602091
vt 0.563705 0.455427
vt 0.565945 0.602450
vt 0.575771 0.456861
vt 0.581551 0.602689
vt 0.590944 0.459252
vt 0.596579 0.603765
vt 0.603805 0.460686
vt 0.609946 0.605438
vt 0.616376 0.462599
vt 0.624613 0.605677
vt 0.628731 0.463913
vt 0.637112 0.605916
vt 0.480905 0.413113
vt 0.499618 0.414188
vt 0.513924 0.420404
vt 0.515369 0.423392
vt 0.531626 0.428652
vt 0.532204 0.431640
vt 0.550122 0.432955
vt 0.550555 0.436302
vt 0.575338 0.432357
vt 0.575916 0.434509
vt 0.595062 0.427217
vt 0.579239 0.448135
vt 0.593400 0.449809
vt 0.604816 0.452797
vt 0.617604 0.456383
vt 0.630537 0.460447
vt 0.493838 0.403072
vt 0.510239 0.408092
vt 0.528374 0.407853
vt 0.549688 0.410124
vt 0.574182 0.409885
vt 0.595207 0.426500
vt 0.601709 0.434628
vt 0.600625 0.435226
vt 0.610307 0.441322
vt 0.609007 0.442637
vt 0.621000 0.446581
vt 0.620133 0.448135
vt 0.635089 0.452080
vt 0.633500 0.453514
vt 0.793753 0.413710
vt 0.797726 0.430803
vt 0.773017 0.423751
vt 0.769982 0.439290
vt 0.756471 0.428532
vt 0.753942 0.440605
vt 0.741226 0.430684
vt 0.740865 0.440844
vt 0.724825 0.440246
vt 0.731978 0.463196
vt 0.724897 0.467021
vt 0.732267 0.465228
vt 0.726487 0.468456
vt 0.798666 0.450884
vt 0.754231 0.467738
vt 0.748523 0.463435
vt 0.739709 0.461642
vt 0.739564 0.463555
vt 0.747512 0.465109
vt 0.752714 0.468934
vt 0.756616 0.473834
vt 0.758639 0.472639
vt 0.760662 0.493198
vt 0.797943 0.472161
vt 0.798088 0.492959
vt 0.955956 0.017346
vt 0.956534 0.021529
vt 0.942301 0.017226
vt 0.942301 0.021888
vt 0.927706 0.018541
vt 0.928140 0.023800
vt 0.913256 0.021768
vt 0.913184 0.025593
vt 0.898517 0.027028
vt 0.902202 0.168672
vt 0.884645 0.029418
vt 0.889847 0.171062
vt 0.872290 0.030494
vt 0.875107 0.172736
vt 0.861741 0.174409
vt 0.875974 0.184330
vt 0.859862 0.186243
vt 0.876408 0.197479
vt 0.855022 0.202021
vt 0.876191 0.201184
vt 0.854588 0.205965
vt 0.873951 0.226047
vt 0.847652 0.229872
vt 0.874602 0.242901
vt 0.838476 0.247921
vt 0.875830 0.261308
vt 0.839560 0.267046
vt 0.877636 0.281868
vt 0.842305 0.290115
vt 0.879153 0.302786
vt 0.844834 0.316771
vt 0.864559 0.345458
vt 0.841583 0.341275
vt 0.850542 0.352510
vt 0.833057 0.360280
vt 0.842739 0.361595
vt 0.835297 0.379405
vt 0.900973 0.222341
vt 0.902346 0.239673
vt 0.904225 0.257125
vt 0.906320 0.276130
vt 0.908993 0.296450
vt 0.911377 0.314500
vt 0.916074 0.343546
vt 0.868460 0.373428
vt 0.917880 0.370321
vt 0.919325 0.390999
vt 0.935148 0.391836
vt 0.930596 0.410603
vt 0.932330 0.310316
vt 0.929368 0.291908
vt 0.926839 0.272186
vt 0.924816 0.253778
vt 0.923227 0.237044
vt 0.920698 0.220668
vt 0.899239 0.198674
vt 0.917736 0.198674
vt 0.917736 0.197479
vt 0.924672 0.191622
vt 0.923371 0.190546
vt 0.933559 0.185765
vt 0.932330 0.183972
vt 0.944541 0.180027
vt 0.943240 0.178593
vt 0.957763 0.174290
vt 0.956679 0.172975
vt 0.898661 0.195447
vt 0.905236 0.179430
vt 0.916363 0.175126
vt 0.928429 0.172616
vt 0.939122 0.169987
vt 0.951910 0.167118
vt 0.938110 0.164130
vt 0.950249 0.163532
vt 0.926911 0.164966
vt 0.913328 0.166640
vt 0.892375 0.181701
vt 0.897722 0.022485
vt 0.885006 0.023920
vt 0.872001 0.025713
vt 0.858851 0.030853
vt 0.858490 0.024996
vt 0.847218 0.032167
vt 0.845846 0.025115
vt 0.833563 0.030733
vt 0.833418 0.024039
vt 0.821280 0.028223
vt 0.821280 0.020931
vt 0.806541 0.024996
vt 0.807191 0.018660
vt 0.793102 0.017585
vt 0.823376 0.172855
vt 0.837248 0.174290
vt 0.821714 0.183374
vt 0.835731 0.185645
vt 0.816584 0.197001
vt 0.824243 0.204412
vt 0.810226 0.209073
vt 0.819113 0.217799
vt 0.802929 0.215647
vt 0.814778 0.229394
vt 0.810081 0.238000
vt 0.822581 0.239076
vt 0.814850 0.254854
vt 0.817017 0.271229
vt 0.827205 0.226047
vt 0.829228 0.213496
vt 0.830167 0.209551
vt 0.846135 0.186482
vt 0.849241 0.175007
vt 0.687182 0.407136
vt 0.701849 0.417655
vt 0.684003 0.428771
vt 0.703872 0.436063
vt 0.679740 0.453156
vt 0.720490 0.473954
vt 0.722585 0.474313
vt 0.722730 0.493677
vt 0.721285 0.426739
vt 0.596435 0.409049
vt 0.574760 0.387892
vt 0.599180 0.387772
vt 0.576638 0.366376
vt 0.600409 0.368408
vt 0.601998 0.354662
vt 0.551784 0.385501
vt 0.553879 0.364464
vt 0.577939 0.350239
vt 0.556408 0.343546
vt 0.580251 0.330158
vt 0.557781 0.316532
vt 0.583646 0.304220
vt 0.540946 0.283422
vt 0.587404 0.276847
vt 0.549688 0.254256
vt 0.590655 0.256168
vt 0.591233 0.235609
vt 0.613053 0.238239
vt 0.610452 0.219831
vt 0.523100 0.383110
vt 0.524834 0.361475
vt 0.527146 0.339960
vt 0.526207 0.303144
vt 0.517248 0.288800
vt 0.527796 0.274576
vt 0.510673 0.275174
vt 0.517537 0.268839
vt 0.505904 0.256288
vt 0.513418 0.254256
vt 0.501858 0.237283
vt 0.509878 0.235968
vt 0.498968 0.219951
vt 0.506844 0.218158
vt 0.503664 0.292745
vt 0.506049 0.312946
vt 0.504676 0.338047
vt 0.501425 0.362671
vt 0.505326 0.393390
vt 0.479605 0.354542
vt 0.481845 0.335298
vt 0.484446 0.312348
vt 0.484951 0.292267
vt 0.500630 0.277445
vt 0.483145 0.276608
vt 0.495500 0.257722
vt 0.480183 0.258679
vt 0.490515 0.239076
vt 0.476354 0.240988
vt 0.487480 0.222102
vt 0.473102 0.224732
vt 0.560743 0.878925
vt 0.569413 0.717200
vt 0.571870 0.877491
vt 0.580540 0.716602
vt 0.581551 0.877371
vt 0.591233 0.716243
vt 0.590799 0.877132
vt 0.599180 0.876773
vt 0.600914 0.716243
vt 0.607778 0.876893
vt 0.612619 0.716960
vt 0.618616 0.876654
vt 0.622373 0.716841
vt 0.630465 0.877012
vt 0.637763 0.716721
vt 0.644626 0.878327
vt 0.651057 0.716721
vt 0.659221 0.878447
vt 0.667169 0.717080
vt 0.676200 0.878447
vt 0.683353 0.715646
vt 0.688194 0.878925
vt 0.693540 0.715407
vt 0.699826 0.879403
vt 0.701488 0.715048
vt 0.708713 0.879164
vt 0.711603 0.714689
vt 0.716444 0.878447
vt 0.720996 0.714331
vt 0.725475 0.878686
vt 0.734001 0.878925
vt 0.728438 0.713375
vt 0.742671 0.878805
vt 0.740865 0.713375
vt 0.753509 0.877491
vt 0.751269 0.712657
vt 0.762901 0.875937
vt 0.762685 0.711940
vt 0.777857 0.873905
vt 0.773956 0.711343
vt 0.794981 0.870319
vt 0.785877 0.710984
vt 0.809720 0.868526
vt 0.799605 0.708713
vt 0.822436 0.868048
vt 0.810154 0.708115
vt 0.833346 0.866972
vt 0.821931 0.705366
vt 0.419275 0.234533
vt 0.420576 0.246965
vt 0.408221 0.238597
vt 0.409377 0.249714
vt 0.421804 0.259515
vt 0.422671 0.273261
vt 0.422454 0.288681
vt 0.420648 0.303861
vt 0.418480 0.324182
vt 0.417324 0.341275
vt 0.416313 0.357531
vt 0.476281 0.370440
vt 0.468839 0.389804
vt 0.493622 0.379405
vt 0.487047 0.396139
vt 0.462337 0.404506
vt 0.412845 0.373907
vt 0.406126 0.356933
vt 0.408799 0.340199
vt 0.410099 0.323106
vt 0.411833 0.303025
vt 0.412700 0.287964
vt 0.412050 0.272903
vt 0.410822 0.260591
vt 0.758855 0.493079
vt 0.759361 0.521049
vt 0.761312 0.520810
vt 0.762396 0.549856
vt 0.760011 0.550095
vt 0.762901 0.577109
vt 0.760878 0.577109
vt 0.764924 0.605916
vt 0.762540 0.606275
vt 0.766658 0.638309
vt 0.764346 0.638787
vt 0.769476 0.680384
vt 0.767237 0.681340
vt 0.769621 0.685285
vt 0.767959 0.686002
vt 0.768754 0.689946
vt 0.798232 0.519137
vt 0.799027 0.548183
vt 0.800472 0.574958
vt 0.802640 0.602330
vt 0.804735 0.635321
vt 0.789056 0.677754
vt 0.789490 0.683253
vt 0.770416 0.690544
vt 0.807408 0.675244
vt 0.808420 0.680623
vt 0.808853 0.684807
vt 0.789779 0.688273
vt 0.669336 0.013281
vt 0.670854 0.015672
vt 0.668108 0.013521
vt 0.667024 0.016867
vt 0.673021 0.019975
vt 0.666085 0.021051
vt 0.667964 0.059540
vt 0.684654 0.056910
vt 0.690217 0.077589
vt 0.666446 0.089064
vt 0.694407 0.095160
vt 0.661894 0.115241
vt 0.698092 0.114763
vt 0.700549 0.132813
vt 0.654164 0.138550
vt 0.701777 0.153133
vt 0.644699 0.163054
vt 0.701560 0.176561
vt 0.699609 0.201543
vt 0.633138 0.185645
vt 0.697659 0.212659
vt 0.624107 0.200826
vt 0.621723 0.206085
vt 0.697442 0.217082
vt 0.619989 0.211703
vt 0.696792 0.220190
vt 0.619266 0.219114
vt 0.620133 0.225927
vt 0.697008 0.223537
vt 0.621723 0.231665
vt 0.697225 0.227720
vt 0.624685 0.237402
vt 0.633716 0.252702
vt 0.699393 0.239673
vt 0.644626 0.276130
vt 0.700043 0.265611
vt 0.699031 0.288322
vt 0.653802 0.300395
vt 0.697153 0.308045
vt 0.658932 0.326333
vt 0.693396 0.326811
vt 0.688411 0.346056
vt 0.662039 0.354901
vt 0.682992 0.364105
vt 0.661172 0.381437
vt 0.676561 0.386816
vt 0.656981 0.417057
vt 0.664423 0.421002
vt 0.657343 0.421838
vt 0.662183 0.423392
vt 0.657848 0.427337
vt 0.659077 0.427935
vt 0.535383 0.442995
vt 0.550989 0.445506
vt 0.565295 0.447060
vt 0.467467 0.441083
vt 0.482567 0.439529
vt 0.470068 0.446701
vt 0.485096 0.448733
vt 0.471946 0.452080
vt 0.486035 0.457339
vt 0.473464 0.458893
vt 0.467178 0.603645
vt 0.495067 0.445506
vt 0.495789 0.455068
vt 0.492249 0.602928
vt 0.480905 0.604123
vt 0.481556 0.609980
vt 0.466961 0.610219
vt 0.508289 0.602330
vt 0.508867 0.607948
vt 0.523534 0.606992
vt 0.538128 0.606753
vt 0.552073 0.607351
vt 0.565295 0.607948
vt 0.581696 0.607590
vt 0.596146 0.608068
vt 0.609657 0.609502
vt 0.624035 0.610339
vt 0.637257 0.610100
vt 0.493622 0.609383
vt 0.981100 0.982080
vt 0.978137 0.982678
vt 0.979727 0.966661
vt 0.977559 0.966900
vt 0.975970 0.951719
vt 0.975536 0.952078
vt 0.974886 0.950883
vt 0.973658 0.951361
vt 0.973224 0.950046
vt 0.969467 0.950405
vt 0.969395 0.949329
vt 0.935293 0.947058
vt 0.973441 0.967258
vt 0.969106 0.967139
vt 0.935509 0.947894
vt 0.935726 0.984949
vt 0.917013 0.985069
vt 0.973008 0.983276
vt 0.967733 0.983754
vt 0.402730 0.371396
vt 0.398467 0.384545
vt 0.407787 0.387892
vt 0.532565 0.252941
vt 0.534660 0.229154
vt 0.526135 0.250790
vt 0.531409 0.228437
vt 0.829445 0.407495
vt 0.821642 0.405821
vt 0.831612 0.393988
vt 0.824893 0.391478
vt 0.829011 0.375819
vt 0.819619 0.359324
vt 0.822798 0.338764
vt 0.803723 0.339003
vt 0.821931 0.318922
vt 0.802423 0.318683
vt 0.819257 0.292625
vt 0.799244 0.295375
vt 0.797799 0.275652
vt 0.741804 0.285215
vt 0.740287 0.271110
vt 0.732267 0.272425
vt 0.729016 0.259396
vt 0.795920 0.260352
vt 0.791441 0.242183
vt 0.736674 0.256766
vt 0.784505 0.223656
vt 0.778146 0.209910
vt 0.794692 0.199989
vt 0.771572 0.197718
vt 0.786600 0.187199
vt 0.798882 0.197120
vt 0.803145 0.187916
vt 0.807842 0.178951
vt 0.809648 0.170345
vt 0.788695 0.184808
vt 0.792235 0.179669
vt 0.794258 0.174648
vt 0.795342 0.168433
vt 0.791513 0.023920
vt 0.723597 0.246845
vt 0.731039 0.242542
vt 0.718178 0.235729
vt 0.725548 0.230828
vt 0.712398 0.226166
vt 0.720201 0.220429
vt 0.979149 0.894105
vt 0.977632 0.906537
vt 0.976548 0.893986
vt 0.976042 0.906776
vt 0.971274 0.907015
vt 0.975825 0.919805
vt 0.970696 0.923032
vt 0.975464 0.921000
vt 0.971346 0.923869
vt 0.977415 0.920044
vt 0.735735 0.286888
vt 0.743827 0.303264
vt 0.737252 0.303861
vt 0.738408 0.324182
vt 0.745344 0.324062
vt 0.738119 0.342350
vt 0.747006 0.342948
vt 0.736891 0.354662
vt 0.746862 0.357650
vt 0.802351 0.357650
vt 0.800617 0.373309
vt 0.816440 0.374624
vt 0.813477 0.389804
vt 0.735301 0.368886
vt 0.745055 0.370201
vt 0.733856 0.380003
vt 0.744477 0.382393
vt 0.731328 0.390043
vt 0.742021 0.394227
vt 0.798232 0.387892
vt 0.795848 0.401877
vt 0.810226 0.403909
vt 0.971707 0.891476
vt 0.967806 0.906776
vt 0.967878 0.890400
vt 0.934715 0.890041
vt 0.967661 0.923869
vt 0.935871 0.925423
vt 0.936087 0.926259
vt 0.915134 0.927455
vt 0.968167 0.924825
vt 0.915062 0.926259
vt 0.913979 0.889683
vt 0.898083 0.889085
vt 0.898589 0.926498
vt 0.879948 0.888966
vt 0.898444 0.927694
vt 0.880815 0.927096
vt 0.862391 0.889563
vt 0.880960 0.928172
vt 0.864197 0.929487
vt 0.864197 0.928650
vt 0.846785 0.930204
vt 0.846713 0.929367
vt 0.826844 0.932236
vt 0.826699 0.931399
vt 0.804085 0.934626
vt 0.803579 0.933073
vt 0.793030 0.935822
vt 0.792308 0.934507
vt 0.788840 0.937376
vt 0.790140 0.892312
vt 0.772222 0.892432
vt 0.802856 0.891715
vt 0.825543 0.890759
vt 0.845123 0.890161
vt 0.613775 0.257842
vt 0.612619 0.279357
vt 0.608573 0.309838
vt 0.604599 0.335418
vt 0.789996 0.938332
vt 0.787539 0.941081
vt 0.774173 0.941320
vt 0.788478 0.944667
vt 0.776123 0.989491
vt 0.793102 0.988774
vt 0.789056 0.940962
vt 0.789779 0.943591
vt 0.792741 0.945982
vt 0.802784 0.946699
vt 0.804879 0.988654
vt 0.825326 0.946699
vt 0.826555 0.987818
vt 0.846640 0.945982
vt 0.848519 0.986861
vt 0.864992 0.945623
vt 0.866799 0.986383
vt 0.881682 0.945623
vt 0.882549 0.985786
vt 0.899890 0.945982
vt 0.900106 0.985308
vt 0.793391 0.944906
vt 0.803290 0.945743
vt 0.825688 0.945862
vt 0.846785 0.945265
vt 0.865209 0.944548
vt 0.881827 0.944548
vt 0.899890 0.944787
vt 0.916291 0.946341
vt 0.916218 0.945504
vt 0.751775 0.941798
vt 0.750257 0.892791
vt 0.732628 0.942276
vt 0.730677 0.892552
vt 0.711025 0.942874
vt 0.709941 0.893030
vt 0.692023 0.909286
vt 0.688338 0.892432
vt 0.664568 0.909884
vt 0.658571 0.891476
vt 0.652646 0.901277
vt 0.633572 0.890878
vt 0.633211 0.896496
vt 0.614859 0.896018
vt 0.632055 0.902831
vt 0.614931 0.901755
vt 0.631693 0.905580
vt 0.614859 0.904624
vt 0.753726 0.990208
vt 0.733567 0.990208
vt 0.710664 0.989611
vt 0.695058 0.958294
vt 0.695058 0.943472
vt 0.678223 0.944428
vt 0.694046 0.931160
vt 0.676634 0.932475
vt 0.671648 0.919805
vt 0.668614 0.934507
vt 0.664351 0.923510
vt 0.667096 0.935224
vt 0.662834 0.924825
vt 0.658426 0.915980
vt 0.657270 0.917653
vt 0.648383 0.910481
vt 0.649539 0.907971
vt 0.614787 0.890639
vt 0.601854 0.896496
vt 0.601131 0.890639
vt 0.585019 0.899126
vt 0.582057 0.891237
vt 0.560526 0.891715
vt 0.600120 0.902831
vt 0.586103 0.909644
vt 0.576349 0.918370
vt 0.585958 0.912991
vt 0.578517 0.920402
vt 0.600698 0.905939
vt 0.669625 0.945026
vt 0.667819 0.945623
vt 0.676417 0.956979
vt 0.693974 0.974550
vt 0.685015 0.990208
vt 0.669120 0.969530
vt 0.667458 0.954349
vt 0.657126 0.979929
vt 0.661027 0.966541
vt 0.652213 0.974908
vt 0.657415 0.964629
vt 0.649539 0.972040
vt 0.652213 0.991882
vt 0.642748 0.984351
vt 0.640147 0.979570
vt 0.638485 0.976343
vt 0.634078 0.992360
vt 0.628803 0.986025
vt 0.627358 0.980646
vt 0.626853 0.977419
vt 0.614281 0.980407
vt 0.614353 0.986144
vt 0.599108 0.978972
vt 0.597880 0.984949
vt 0.587765 0.974311
vt 0.582201 0.982797
vt 0.576060 0.964987
vt 0.556914 0.971322
vt 0.570497 0.953751
vt 0.554674 0.955544
vt 0.568546 0.941440
vt 0.554313 0.941679
vt 0.570063 0.930204
vt 0.554674 0.926737
vt 0.559081 0.907971
vt 0.570063 0.942276
vt 0.571870 0.931399
vt 0.574615 0.953034
vt 0.580467 0.963194
vt 0.590149 0.971562
vt 0.600336 0.976343
vt 0.614498 0.977179
vt 0.663917 0.953512
vt 0.615003 0.991284
vt 0.597230 0.990686
vt 0.580973 0.989611
vt 0.564500 0.989013
vt 0.542319 0.987579
vt 0.538562 0.977419
vt 0.536250 0.966661
vt 0.534443 0.954588
vt 0.533576 0.941081
vt 0.533576 0.926737
vt 0.534660 0.914904
vt 0.537406 0.903668
vt 0.541885 0.893030
vt 0.680029 0.474671
vt 0.720129 0.493796
vt 0.679885 0.496784
vt 0.719334 0.521886
vt 0.678223 0.522723
vt 0.715505 0.551291
vt 0.676706 0.551769
vt 0.713193 0.579619
vt 0.676345 0.579619
vt 0.712398 0.611056
vt 0.675767 0.610817
vt 0.711675 0.639983
vt 0.674972 0.640700
vt 0.693251 0.682894
vt 0.674249 0.682057
vt 0.693179 0.686600
vt 0.674105 0.686480
vt 0.676056 0.692457
vt 0.721502 0.521886
vt 0.719262 0.550334
vt 0.715505 0.579141
vt 0.714999 0.610697
vt 0.713554 0.639863
vt 0.714638 0.679667
vt 0.712326 0.681579
vt 0.713771 0.685046
vt 0.711820 0.685404
vt 0.711531 0.690664
vt 0.710014 0.691500
vt 0.692962 0.692457
vt 0.853504 0.374146
vt 0.849386 0.376297
vt 0.868388 0.393629
vt 0.854516 0.394585
vt 0.851843 0.394824
vt 0.868171 0.413591
vt 0.854877 0.414188
vt 0.852059 0.414547
vt 0.865426 0.433074
vt 0.854299 0.433074
vt 0.851265 0.433911
vt 0.861669 0.458534
vt 0.851626 0.457817
vt 0.848808 0.458176
vt 0.846857 0.485190
vt 0.890208 0.470727
vt 0.900468 0.450645
vt 0.912100 0.457937
vt 0.917808 0.447299
vt 0.904875 0.441083
vt 0.924383 0.431520
vt 0.911450 0.425544
vt 0.916796 0.406658
vt 0.937821 0.369962
vt 0.937027 0.344143
vt 0.902129 0.477062
vt 0.890858 0.495828
vt 0.880598 0.510530
vt 0.842667 0.508379
vt 0.872434 0.523798
vt 0.862536 0.538262
vt 0.844112 0.484353
vt 0.839777 0.508379
vt 0.837392 0.533002
vt 0.835225 0.532644
vt 0.828867 0.561092
vt 0.826627 0.560733
vt 0.817668 0.593007
vt 0.815211 0.593963
vt 0.816512 0.598027
vt 0.815211 0.599342
vt 0.817379 0.601852
vt 0.817162 0.603526
vt 0.818607 0.603167
vt 0.851554 0.551769
vt 0.840282 0.567427
vt 0.822003 0.596115
vt 0.819980 0.599342
vt 0.818463 0.601733
vt 0.820702 0.600179
vt 0.852710 0.552605
vt 0.841511 0.568264
vt 0.823014 0.596593
vt 0.584441 0.150862
vt 0.594340 0.172138
vt 0.579600 0.174290
vt 0.582707 0.187438
vt 0.552217 0.187916
vt 0.552145 0.209073
vt 0.535816 0.208356
vt 0.532926 0.208356
vt 0.535816 0.187677
vt 0.547376 0.162456
vt 0.574254 0.156838
vt 0.575627 0.132932
vt 0.534082 0.136637
vt 0.567462 0.117752
vt 0.531192 0.111297
vt 0.558720 0.102571
vt 0.549688 0.086674
vt 0.534949 0.163532
vt 0.532565 0.163771
vt 0.532926 0.187677
vt 0.531770 0.137235
vt 0.529097 0.112134
vt 0.523678 0.084881
vt 0.525990 0.084044
vt 0.516092 0.059420
vt 0.518476 0.058464
vt 0.506482 0.024756
vt 0.511395 0.025115
vt 0.509806 0.020573
vt 0.512190 0.024039
vt 0.510817 0.020095
vt 0.530686 0.053922
vt 0.529603 0.054400
vt 0.540296 0.073047
vt 0.541669 0.072569
vt 0.598891 0.182537
vt 0.586392 0.202977
vt 0.590294 0.224015
vt 0.551422 0.230230
vt 0.604672 0.199272
vt 0.504676 0.024637
vt 0.506193 0.020095
vt 0.508505 0.015911
vt 0.509517 0.014357
vt 0.507205 0.013879
vt 0.506916 0.016031
vt 0.504748 0.019975
vt 0.967300 0.623129
vt 0.952488 0.619782
vt 0.968311 0.638548
vt 0.955740 0.645003
vt 0.967300 0.653609
vt 0.948153 0.667953
vt 0.962603 0.669029
vt 0.953355 0.681221
vt 0.933775 0.633767
vt 0.923949 0.658868
vt 0.927056 0.682775
vt 0.940206 0.691142
vt 0.922649 0.698314
vt 0.900540 0.685524
vt 0.895121 0.661259
vt 0.881899 0.639504
vt 0.862174 0.655880
vt 0.860296 0.631615
vt 0.845051 0.637472
vt 0.848952 0.622053
vt 0.893676 0.616913
vt 0.871061 0.609741
vt 0.889485 0.595158
vt 0.866004 0.596832
vt 0.876697 0.586552
vt 0.920120 0.613805
vt 0.913039 0.591094
vt 0.890641 0.580337
vt 0.936304 0.599222
vt 0.935871 0.584640
vt 0.921998 0.579380
vt 0.960364 0.608068
vt 0.950754 0.594322
vt 0.857189 0.608307
vt 0.907331 0.699868
vt 0.890930 0.698911
vt 0.875180 0.692218
vt 0.876841 0.675364
vt 0.862102 0.681101
vt 0.851843 0.666638
vt 0.846857 0.654087
vt 0.906609 0.577587
vt 0.976837 0.921478
vt 0.975392 0.950524
vt 0.230874 0.791587
vt 0.239742 0.791110
vt 0.238965 0.959024
vt 0.251782 0.958190
vt 0.251005 0.791587
vt 0.262203 0.957832
vt 0.260908 0.792302
vt 0.273595 0.957713
vt 0.276638 0.793136
vt 0.285117 0.957355
vt 0.294503 0.795520
vt 0.297287 0.956879
vt 0.309779 0.796116
vt 0.311203 0.957951
vt 0.323178 0.795639
vt 0.321495 0.957713
vt 0.335153 0.795877
vt 0.333535 0.959500
vt 0.346805 0.797903
vt 0.345057 0.960692
vt 0.356903 0.798499
vt 0.356579 0.961288
vt 0.366353 0.798857
vt 0.365512 0.712814
vt 0.356061 0.712814
vt 0.367907 0.627011
vt 0.358132 0.627249
vt 0.369719 0.448610
vt 0.358974 0.448372
vt 0.361110 0.359112
vt 0.350041 0.358754
vt 0.362987 0.269852
vt 0.351401 0.269375
vt 0.365188 0.155566
vt 0.354119 0.155209
vt 0.372826 0.041519
vt 0.361822 0.041399
vt 0.362664 0.027456
vt 0.350430 0.027933
vt 0.351724 0.015301
vt 0.337160 0.015062
vt 0.347387 0.712576
vt 0.349135 0.627249
vt 0.348552 0.448253
vt 0.340396 0.358635
vt 0.341821 0.269256
vt 0.343568 0.154851
vt 0.349070 0.040565
vt 0.336642 0.027695
vt 0.322790 0.026622
vt 0.323049 0.013513
vt 0.294827 0.025669
vt 0.295280 0.012202
vt 0.267252 0.011249
vt 0.322531 0.039612
vt 0.335995 0.040208
vt 0.331787 0.154613
vt 0.329781 0.269137
vt 0.328486 0.358278
vt 0.339102 0.447895
vt 0.318971 0.154613
vt 0.316835 0.269256
vt 0.315605 0.358397
vt 0.327321 0.447538
vt 0.314505 0.447418
vt 0.316382 0.625581
vt 0.275149 0.625461
vt 0.276444 0.709835
vt 0.262009 0.708882
vt 0.294503 0.039135
vt 0.266864 0.024954
vt 0.251134 0.011368
vt 0.267576 0.153779
vt 0.266475 0.038658
vt 0.250746 0.025192
vt 0.235405 0.011726
vt 0.253788 0.154136
vt 0.250487 0.039135
vt 0.235923 0.026026
vt 0.217216 0.014347
vt 0.267705 0.268780
vt 0.268482 0.357920
vt 0.269259 0.447180
vt 0.254630 0.269375
vt 0.255277 0.358516
vt 0.255924 0.447538
vt 0.261556 0.625581
vt 0.251199 0.625581
vt 0.251393 0.708524
vt 0.240001 0.708405
vt 0.230032 0.708763
vt 0.372114 0.359589
vt 0.374121 0.270448
vt 0.377487 0.155924
vt 0.387002 0.041638
vt 0.373991 0.027099
vt 0.388167 0.026503
vt 0.375027 0.012560
vt 0.388814 0.011606
vt 0.363440 0.013394
vt 0.338196 0.711980
vt 0.328163 0.711742
vt 0.340138 0.626653
vt 0.329004 0.625938
vt 0.315476 0.711027
vt 0.228544 0.626057
vt 0.239612 0.625700
vt 0.244208 0.447657
vt 0.232039 0.447776
vt 0.242719 0.358516
vt 0.241554 0.269495
vt 0.240907 0.154851
vt 0.236505 0.040446
vt 0.230032 0.358754
vt 0.228608 0.269614
vt 0.226407 0.155924
vt 0.219870 0.042234
vt 0.218510 0.028290
vt 0.220064 0.447895
vt 0.217540 0.358635
vt 0.215662 0.269495
vt 0.213203 0.156639
vt 0.205565 0.043783
vt 0.204982 0.029601
vt 0.204594 0.015301
vt 0.196632 0.021974
vt 0.196114 0.036275
vt 0.183751 0.021498
vt 0.183103 0.035560
vt 0.170805 0.034845
vt 0.170157 0.048788
vt 0.156823 0.047835
vt 0.150997 0.161167
vt 0.139929 0.160810
vt 0.147308 0.274381
vt 0.137793 0.274857
vt 0.145948 0.363283
vt 0.136174 0.363521
vt 0.144330 0.452066
vt 0.134491 0.452185
vt 0.141288 0.629632
vt 0.130996 0.629513
vt 0.132096 0.712099
vt 0.121934 0.711980
vt 0.133909 0.794566
vt 0.121869 0.795162
vt 0.132485 0.959381
vt 0.121675 0.959262
vt 0.131902 0.973444
vt 0.121222 0.973324
vt 0.130996 0.986433
vt 0.120833 0.987029
vt 0.141547 0.712099
vt 0.153133 0.629394
vt 0.156564 0.451828
vt 0.158894 0.363164
vt 0.160254 0.274500
vt 0.163555 0.161644
vt 0.174753 0.162001
vt 0.182262 0.049503
vt 0.195272 0.050576
vt 0.171323 0.020902
vt 0.157082 0.033892
vt 0.157406 0.019948
vt 0.143553 0.033177
vt 0.144007 0.019353
vt 0.129572 0.032819
vt 0.129766 0.018995
vt 0.117791 0.032462
vt 0.117921 0.018280
vt 0.095589 0.031985
vt 0.095977 0.017565
vt 0.073904 0.017565
vt 0.143165 0.047001
vt 0.129442 0.046762
vt 0.117662 0.046643
vt 0.127824 0.160929
vt 0.116755 0.160929
vt 0.095265 0.046285
vt 0.073451 0.031746
vt 0.059275 0.017207
vt 0.127112 0.274977
vt 0.116432 0.274977
vt 0.075264 0.275096
vt 0.115202 0.363641
vt 0.074940 0.363641
vt 0.113907 0.452185
vt 0.074875 0.452066
vt 0.074228 0.629156
vt 0.058499 0.452066
vt 0.058240 0.629513
vt 0.047236 0.629513
vt 0.048530 0.714483
vt 0.038821 0.714483
vt 0.050472 0.799452
vt 0.039403 0.799572
vt 0.050731 0.959977
vt 0.038821 0.960931
vt 0.051184 0.973205
vt 0.039468 0.973682
vt 0.039921 0.987029
vt 0.029823 0.974993
vt 0.030924 0.986791
vt 0.060635 0.959620
vt 0.062577 0.798618
vt 0.059987 0.714125
vt 0.075781 0.713053
vt 0.109311 0.712457
vt 0.111253 0.629275
vt 0.122063 0.629871
vt 0.124652 0.452424
vt 0.125882 0.363760
vt 0.109376 0.795877
vt 0.105363 0.958190
vt 0.105104 0.973444
vt 0.089310 0.972729
vt 0.088339 0.986076
vt 0.076105 0.972490
vt 0.074293 0.985599
vt 0.061670 0.972967
vt 0.061800 0.985957
vt 0.051637 0.987029
vt 0.075976 0.959262
vt 0.089310 0.958905
vt 0.076882 0.796831
vt 0.091834 0.796354
vt 0.355543 0.987029
vt 0.345899 0.985957
vt 0.356320 0.975112
vt 0.345510 0.973682
vt 0.333017 0.985718
vt 0.333276 0.972729
vt 0.322596 0.985242
vt 0.322207 0.971418
vt 0.309909 0.985242
vt 0.309456 0.970345
vt 0.297287 0.970226
vt 0.285311 0.970583
vt 0.273984 0.970226
vt 0.273919 0.984884
vt 0.262332 0.970703
vt 0.262527 0.985838
vt 0.252494 0.985838
vt 0.297092 0.984646
vt 0.285311 0.984884
vt 0.250875 0.970703
vt 0.241748 0.985480
vt 0.239871 0.970464
vt 0.139022 0.986433
vt 0.140317 0.973563
vt 0.149055 0.986433
vt 0.150544 0.973801
vt 0.159153 0.987387
vt 0.160577 0.974039
vt 0.170028 0.986910
vt 0.169769 0.972133
vt 0.140835 0.959500
vt 0.151450 0.959739
vt 0.161225 0.959858
vt 0.169640 0.960931
vt 0.143165 0.794566
vt 0.151256 0.795162
vt 0.160448 0.794805
vt 0.169186 0.794209
vt 0.151386 0.712219
vt 0.161548 0.712099
vt 0.164396 0.629394
vt 0.167827 0.451947
vt 0.179025 0.452424
vt 0.170416 0.363283
vt 0.182068 0.363760
vt 0.183686 0.275096
vt 0.171840 0.274619
vt 0.186858 0.162836
vt 0.104975 0.986910
vt 0.171193 0.711980
vt 0.175206 0.629752
vt 0.028594 0.961407
vt 0.022056 0.799810
vt 0.030665 0.799929
vt 0.030406 0.714364
vt 0.037073 0.629394
vt 0.048012 0.452066
vt 0.058369 0.363402
vt 0.028723 0.628917
vt 0.038109 0.451947
vt 0.038109 0.363283
vt 0.047818 0.363283
vt 0.048077 0.274500
vt 0.058434 0.274857
vt 0.049178 0.160214
vt 0.059340 0.160452
vt 0.058563 0.046047
vt 0.072933 0.045928
vt 0.058952 0.031627
vt 0.074422 0.160571
vt 0.022315 0.714245
vt 0.020632 0.628917
vt 0.027817 0.451589
vt 0.017784 0.451470
vt 0.015971 0.362687
vt 0.026911 0.362806
vt 0.026587 0.274142
vt 0.038627 0.274500
vt 0.037850 0.160571
vt 0.047041 0.045928
vt 0.014806 0.274023
vt 0.026522 0.160095
vt 0.032671 0.046524
vt 0.039403 0.040565
vt 0.043611 0.038778
vt 0.039856 0.028171
vt 0.044129 0.027218
vt 0.040633 0.015777
vt 0.045488 0.015658
vt 0.014677 0.159976
vt 0.020955 0.046166
vt 0.032348 0.030793
vt 0.036426 0.040923
vt 0.035196 0.027933
vt 0.048271 0.015777
vt 0.047559 0.030912
vt 0.008139 0.046047
vt 0.020567 0.031031
vt 0.020308 0.015777
vt 0.032542 0.015182
vt 0.034613 0.014943
vt 0.007815 0.031031
vt 0.007945 0.016135
vt 0.496719 0.878225
vt 0.511153 0.889427
vt 0.492641 0.885137
vt 0.506040 0.896101
vt 0.492576 0.920889
vt 0.515749 0.912904
vt 0.516138 0.927562
vt 0.522740 0.926728
vt 0.521510 0.942697
vt 0.476329 0.870121
vt 0.473934 0.876676
vt 0.454450 0.866070
vt 0.453803 0.873458
vt 0.433543 0.865355
vt 0.433931 0.873101
vt 0.414577 0.875365
vt 0.432895 0.917552
vt 0.403055 0.916241
vt 0.405773 0.919459
vt 0.402343 0.935785
vt 0.405191 0.932687
vt 0.431665 0.938407
vt 0.432377 0.933998
vt 0.457104 0.940075
vt 0.457493 0.936500
vt 0.489404 0.937692
vt 0.488045 0.936381
vt 0.489663 0.923749
vt 0.488174 0.924464
vt 0.457234 0.921485
vt 0.457363 0.923153
vt 0.433413 0.922200
vt 0.457104 0.934713
vt 0.433348 0.920770
vt 0.406744 0.920889
vt 0.406162 0.931495
vt 0.457493 0.918625
vt 0.491993 0.940671
vt 0.477235 0.972252
vt 0.453479 0.976661
vt 0.477559 0.980475
vt 0.453868 0.985123
vt 0.497366 0.972252
vt 0.494906 0.965817
vt 0.510765 0.960454
vt 0.505716 0.956402
vt 0.514066 0.942101
vt 0.521899 0.909567
vt 0.413282 0.867738
vt 0.394316 0.875127
vt 0.396906 0.881204
vt 0.385189 0.892049
vt 0.376645 0.906826
vt 0.369007 0.902894
vt 0.366677 0.923034
vt 0.380076 0.886448
vt 0.426034 0.977138
vt 0.399559 0.972490
vt 0.424675 0.985480
vt 0.397682 0.978449
vt 0.382341 0.969034
vt 0.386872 0.963910
vt 0.378975 0.953423
vt 0.373797 0.939122
vt 0.367518 0.941148
vt 0.373926 0.957594
vt 0.385837 0.825313
vt 0.383442 0.824121
vt 0.389138 0.819831
vt 0.382859 0.808510
vt 0.402084 0.797784
vt 0.381306 0.795758
vt 0.382536 0.780504
vt 0.375156 0.779074
vt 0.385643 0.767634
vt 0.379170 0.765131
vt 0.391921 0.757623
vt 0.386096 0.752260
vt 0.400466 0.741177
vt 0.374833 0.811489
vt 0.373473 0.796116
vt 0.538016 0.805411
vt 0.533679 0.820784
vt 0.525070 0.817805
vt 0.522740 0.834727
vt 0.516332 0.828530
vt 0.508370 0.843785
vt 0.504163 0.835085
vt 0.491152 0.849147
vt 0.488433 0.840686
vt 0.476329 0.850816
vt 0.473934 0.841997
vt 0.449401 0.853080
vt 0.450437 0.842712
vt 0.426875 0.843427
vt 0.428494 0.820427
vt 0.410952 0.840209
vt 0.412117 0.814587
vt 0.399495 0.833417
vt 0.395158 0.827577
vt 0.392245 0.836753
vt 0.390044 0.831271
vt 0.407780 0.782411
vt 0.418978 0.772043
vt 0.451926 0.763343
vt 0.457298 0.820665
vt 0.483708 0.766799
vt 0.486297 0.814468
vt 0.503968 0.804458
vt 0.507075 0.777167
vt 0.501509 0.746183
vt 0.485262 0.739271
vt 0.487074 0.732239
vt 0.452185 0.730094
vt 0.452508 0.738079
vt 0.420402 0.741773
vt 0.417490 0.734504
vt 0.404349 0.747851
vt 0.422215 0.852961
vt 0.404867 0.848313
vt 0.394252 0.839733
vt 0.506169 0.739747
vt 0.514455 0.757981
vt 0.524747 0.778478
vt 0.512513 0.793375
vt 0.527983 0.791825
vt 0.528760 0.803028
vt 0.537563 0.788965
vt 0.521187 0.753452
vt 0.533550 0.773235
vt 0.373538 0.922796
# num_vertices: 1342


g Object_texture.jpg

usemtl TexMap

f 1/1 2/2 3/3
f 2/2 4/4 3/3
f 3/3 4/4 5/5
f 4/4 6/6 5/5
f 5/5 6/6 7/7
f 6/6 8/8 7/7
f 7/7 8/8 9/9
f 8/8 10/10 9/9
f 9/9 10/10 11/11
f 10/10 12/12 11/11
f 11/11 12/12 13/13
f 12/12 14/14 13/13
f 13/13 14/14 15/15
f 14/14 16/16 15/15
f 15/15 16/16 17/17
f 16/16 18/18 17/17
f 17/17 18/18 19/19
f 18/18 20/20 19/19
f 19/19 20/20 21/21
f 20/20 22/22 21/21
f 21/21 22/22 23/23
f 22/22 24/24 23/23
f 23/23 24/24 25/25
f 24/24 26/26 25/25
f 25/25 26/26 27/27
f 26/26 28/28 27/27
f 27/27 28/28 29/29
f 28/28 30/30 29/29
f 29/29 30/30 31/31
f 30/30 32/32 31/31
f 31/31 32/32 33/33
f 8/8 34/34 10/10
f 34/34 35/35 10/10
f 10/10 35/35 12/12
f 35/35 36/36 12/12
f 12/12 36/36 37/37
f 36/36 38/38 37/37
f 37/37 38/38 39/39
f 38/38 40/40 39/39
f 39/39 40/40 41/41
f 40/40 42/42 41/41
f 41/41 42/42 43/43
f 42/42 44/44 43/43
f 43/43 44/44 45/45
f 44/44 46/46 45/45
f 45/45 46/46 26/26
f 46/46 47/47 26/26
f 26/26 47/47 28/28
f 47/47 48/48 28/28
f 28/28 48/48 30/30
f 48/48 49/49 30/30
f 30/30 49/49 32/32
f 34/34 50/50 35/35
f 50/50 51/51 35/35
f 35/35 51/51 36/36
f 51/51 52/52 36/36
f 36/36 52/52 38/38
f 52/52 53/53 38/38
f 38/38 53/53 40/40
f 53/53 54/54 40/40
f 40/40 54/54 42/42
f 54/54 55/55 42/42
f 42/42 55/55 44/44
f 55/55 56/56 44/44
f 44/44 56/56 57/57
f 56/56 58/58 57/57
f 57/57 58/58 59/59
f 58/58 60/60 59/59
f 59/59 60/60 61/61
f 60/60 62/62 61/61
f 61/61 62/62 63/63
f 44/44 57/57 46/46
f 57/57 59/59 46/46
f 46/46 59/59 47/47
f 59/59 61/61 47/47
f 47/47 61/61 48/48
f 61/61 63/63 48/48
f 48/48 63/63 49/49
f 64/64 65/65 66/66
f 65/65 67/67 66/66
f 66/66 67/67 68/68
f 67/67 69/69 68/68
f 68/68 69/69 70/70
f 69/69 71/71 70/70
f 70/70 71/71 72/72
f 71/71 73/73 72/72
f 72/72 73/73 74/74
f 73/73 75/75 74/74
f 74/74 75/75 76/76
f 65/65 77/77 67/67
f 77/77 78/78 67/67
f 67/67 78/78 69/69
f 78/78 79/79 69/69
f 69/69 79/79 71/71
f 79/79 80/80 71/71
f 71/71 80/80 73/73
f 80/80 81/81 73/73
f 73/73 81/81 75/75
f 81/81 80/80 82/82
f 80/80 79/79 82/82
f 82/82 79/79 83/83
f 79/79 78/78 83/83
f 83/83 78/78 84/84
f 78/78 85/85 84/84
f 84/84 85/85 86/86
f 85/85 87/87 86/86
f 86/86 87/87 88/88
f 85/85 78/78 87/87
f 78/78 77/77 87/87
f 89/89 90/90 91/91
f 90/90 92/92 91/91
f 91/91 92/92 93/93
f 92/92 94/94 93/93
f 93/93 94/94 95/95
f 94/94 96/96 95/95
f 95/95 96/96 97/97
f 96/96 98/98 97/97
f 97/97 98/98 99/99
f 98/98 100/100 99/99
f 99/99 100/100 101/101
f 100/100 102/102 101/101
f 101/101 102/102 103/103
f 102/102 104/104 103/103
f 103/103 104/104 105/105
f 104/104 106/106 105/105
f 105/105 106/106 107/107
f 106/106 108/108 107/107
f 107/107 108/108 109/109
f 108/108 110/110 109/109
f 109/109 110/110 111/111
f 110/110 112/112 111/111
f 111/111 112/112 113/113
f 112/112 114/114 113/113
f 113/113 114/114 115/115
f 114/114 116/116 115/115
f 115/115 116/116 117/117
f 116/116 118/118 117/117
f 117/117 118/118 119/119
f 118/118 120/120 119/119
f 119/119 120/120 121/121
f 120/120 122/122 121/121
f 121/121 122/122 123/123
f 122/122 124/124 123/123
f 123/123 124/124 125/125
f 108/108 126/126 110/110
f 126/126 127/127 110/110
f 110/110 127/127 112/112
f 127/127 128/128 112/112
f 112/112 128/128 114/114
f 128/128 129/129 114/114
f 114/114 129/129 116/116
f 129/129 130/130 116/116
f 116/116 130/130 118/118
f 130/130 131/131 118/118
f 118/118 131/131 120/120
f 131/131 132/132 120/120
f 120/120 132/132 133/133
f 132/132 134/134 133/133
f 133/133 134/134 135/135
f 134/134 136/136 135/135
f 135/135 136/136 137/137
f 132/132 131/131 138/138
f 131/131 130/130 138/138
f 138/138 130/130 139/139
f 130/130 129/129 139/139
f 139/139 129/129 140/140
f 129/129 128/128 140/140
f 140/140 128/128 141/141
f 128/128 127/127 141/141
f 141/141 127/127 142/142
f 127/127 126/126 142/142
f 142/142 126/126 143/143
f 126/126 144/144 143/143
f 143/143 144/144 145/145
f 144/144 146/146 145/145
f 145/145 146/146 147/147
f 146/146 148/148 147/147
f 147/147 148/148 149/149
f 148/148 150/150 149/149
f 149/149 150/150 151/151
f 150/150 152/152 151/151
f 151/151 152/152 153/153
f 152/152 154/154 153/153
f 126/126 108/108 144/144
f 108/108 155/155 144/144
f 144/144 155/155 146/146
f 155/155 156/156 146/146
f 146/146 156/156 148/148
f 156/156 157/157 148/148
f 148/148 157/157 150/150
f 157/157 158/158 150/150
f 150/150 158/158 152/152
f 158/158 159/159 152/152
f 152/152 159/159 160/160
f 159/159 161/161 160/160
f 160/160 161/161 162/162
f 161/161 92/92 162/162
f 162/162 92/92 90/90
f 159/159 158/158 163/163
f 158/158 157/157 163/163
f 163/163 157/157 164/164
f 157/157 156/156 164/164
f 164/164 156/156 98/98
f 156/156 165/165 98/98
f 98/98 165/165 100/100
f 165/165 104/104 100/100
f 100/100 104/104 102/102
f 98/98 96/96 164/164
f 96/96 94/94 164/164
f 164/164 94/94 163/163
f 94/94 92/92 163/163
f 163/163 92/92 161/161
f 95/95 97/97 166/166
f 97/97 167/167 166/166
f 97/97 99/99 167/167
f 99/99 168/168 167/167
f 99/99 101/101 168/168
f 101/101 169/169 168/168
f 168/168 169/169 170/170
f 169/169 171/171 170/170
f 170/170 171/171 172/172
f 171/171 173/173 172/172
f 172/172 173/173 174/174
f 173/173 175/175 174/174
f 174/174 175/175 176/176
f 175/175 177/177 176/176
f 176/176 177/177 178/178
f 177/177 179/179 178/178
f 175/175 173/173 180/180
f 173/173 181/181 180/180
f 180/180 181/181 182/182
f 181/181 183/183 182/182
f 182/182 183/183 184/184
f 183/183 185/185 184/184
f 184/184 185/185 186/186
f 185/185 187/187 186/186
f 186/186 187/187 188/188
f 187/187 189/189 188/188
f 188/188 189/189 190/190
f 189/189 191/191 190/190
f 190/190 191/191 192/192
f 191/191 113/113 192/192
f 192/192 113/113 193/193
f 113/113 115/115 193/193
f 193/193 115/115 117/117
f 191/191 189/189 194/194
f 189/189 187/187 194/194
f 194/194 187/187 195/195
f 187/187 185/185 195/195
f 195/195 185/185 196/196
f 185/185 183/183 196/196
f 196/196 183/183 197/197
f 183/183 181/181 197/197
f 197/197 181/181 198/198
f 181/181 171/171 198/198
f 198/198 171/171 103/103
f 171/171 169/169 103/103
f 103/103 169/169 101/101
f 198/198 105/105 197/197
f 105/105 107/107 197/197
f 197/197 107/107 196/196
f 107/107 109/109 196/196
f 196/196 109/109 195/195
f 109/109 111/111 195/195
f 195/195 111/111 194/194
f 111/111 113/113 194/194
f 194/194 113/113 191/191
f 199/199 200/200 201/201
f 200/200 202/202 201/201
f 201/201 202/202 203/203
f 202/202 74/74 203/203
f 203/203 74/74 204/204
f 74/74 205/205 204/204
f 204/204 205/205 206/206
f 74/74 202/202 72/72
f 202/202 207/207 72/72
f 72/72 207/207 70/70
f 55/55 54/54 208/208
f 54/54 209/209 208/208
f 208/208 209/209 210/210
f 209/209 211/211 210/210
f 210/210 211/211 212/212
f 211/211 213/213 212/212
f 54/54 53/53 209/209
f 53/53 214/214 209/209
f 209/209 214/214 211/211
f 214/214 215/215 211/211
f 211/211 215/215 216/216
f 215/215 217/217 216/216
f 216/216 217/217 218/218
f 217/217 219/219 218/218
f 218/218 219/219 220/220
f 219/219 221/221 220/220
f 220/220 221/221 222/222
f 221/221 223/223 222/222
f 222/222 223/223 224/224
f 223/223 225/225 224/224
f 224/224 225/225 226/226
f 225/225 227/227 226/226
f 53/53 52/52 214/214
f 52/52 228/228 214/214
f 214/214 228/228 215/215
f 228/228 229/229 215/215
f 215/215 229/229 217/217
f 229/229 230/230 217/217
f 217/217 230/230 219/219
f 230/230 231/231 219/219
f 219/219 231/231 221/221
f 231/231 232/232 221/221
f 221/221 232/232 233/233
f 232/232 234/234 233/233
f 233/233 234/234 235/235
f 234/234 236/236 235/235
f 235/235 236/236 237/237
f 236/236 238/238 237/237
f 237/237 238/238 239/239
f 238/238 240/240 239/239
f 239/239 240/240 241/241
f 234/234 232/232 242/242
f 232/232 231/231 242/242
f 242/242 231/231 243/243
f 231/231 230/230 243/243
f 243/243 230/230 244/244
f 230/230 229/229 244/244
f 244/244 229/229 245/245
f 229/229 228/228 245/245
f 245/245 228/228 246/246
f 228/228 52/52 246/246
f 246/246 52/52 51/51
f 245/245 247/247 244/244
f 247/247 248/248 244/244
f 244/244 248/248 243/243
f 248/248 249/249 243/243
f 243/243 249/249 242/242
f 249/249 250/250 242/242
f 242/242 250/250 251/251
f 250/250 252/252 251/251
f 251/251 252/252 253/253
f 252/252 254/254 253/253
f 253/253 254/254 255/255
f 254/254 256/256 255/255
f 255/255 256/256 257/257
f 256/256 258/258 257/257
f 257/257 240/240 255/255
f 240/240 238/238 255/255
f 255/255 238/238 253/253
f 238/238 236/236 253/253
f 253/253 236/236 251/251
f 236/236 234/234 251/251
f 251/251 234/234 242/242
f 259/259 260/260 261/261
f 260/260 262/262 261/261
f 261/261 262/262 263/263
f 262/262 264/264 263/263
f 263/263 264/264 265/265
f 264/264 266/266 265/265
f 264/264 267/267 266/266
f 267/267 268/268 266/266
f 267/267 269/269 268/268
f 269/269 270/270 268/268
f 269/269 271/271 270/270
f 271/271 272/272 270/270
f 271/271 273/273 272/272
f 273/273 274/274 272/272
f 273/273 275/275 274/274
f 275/275 276/276 274/274
f 275/275 277/277 276/276
f 277/277 278/278 276/276
f 277/277 279/279 278/278
f 279/279 280/280 278/278
f 279/279 281/281 280/280
f 281/281 282/282 280/280
f 281/281 283/283 282/282
f 283/283 284/284 282/282
f 283/283 285/285 284/284
f 285/285 286/286 284/284
f 285/285 287/287 286/286
f 287/287 288/288 286/286
f 288/288 287/287 289/289
f 287/287 290/290 289/289
f 289/289 290/290 291/291
f 290/290 292/292 291/291
f 291/291 292/292 293/293
f 292/292 294/294 293/293
f 293/293 294/294 295/295
f 294/294 296/296 295/295
f 295/295 296/296 297/297
f 296/296 298/298 297/297
f 297/297 298/298 299/299
f 298/298 300/300 299/299
f 299/299 300/300 301/301
f 300/300 302/302 301/301
f 301/301 302/302 303/303
f 302/302 304/304 303/303
f 303/303 304/304 305/305
f 304/304 306/306 305/305
f 258/258 256/256 307/307
f 256/256 308/308 307/307
f 307/307 308/308 309/309
f 308/308 310/310 309/309
f 308/308 256/256 311/311
f 256/256 254/254 311/311
f 311/311 254/254 312/312
f 254/254 252/252 312/312
f 312/312 252/252 313/313
f 252/252 250/250 313/313
f 313/313 250/250 314/314
f 250/250 249/249 314/314
f 314/314 249/249 315/315
f 249/249 248/248 315/315
f 315/315 248/248 316/316
f 248/248 247/247 316/316
f 316/316 247/247 317/317
f 247/247 318/318 317/317
f 317/317 318/318 319/319
f 318/318 320/320 319/319
f 319/319 320/320 321/321
f 320/320 246/246 321/321
f 321/321 246/246 50/50
f 246/246 51/51 50/50
f 50/50 34/34 321/321
f 34/34 322/322 321/321
f 321/321 322/322 319/319
f 322/322 323/323 319/319
f 319/319 323/323 317/317
f 323/323 324/324 317/317
f 317/317 324/324 316/316
f 324/324 325/325 316/316
f 316/316 325/325 315/315
f 325/325 326/326 315/315
f 315/315 326/326 327/327
f 315/315 327/327 314/314
f 327/327 328/328 314/314
f 314/314 328/328 313/313
f 328/328 312/312 313/313
f 328/328 329/329 312/312
f 329/329 311/311 312/312
f 329/329 330/330 311/311
f 330/330 310/310 311/311
f 311/311 310/310 308/308
f 84/84 86/86 331/331
f 86/86 332/332 331/331
f 86/86 333/333 332/332
f 333/333 334/334 332/332
f 332/332 334/334 335/335
f 334/334 336/336 335/335
f 335/335 336/336 337/337
f 336/336 338/338 337/337
f 337/337 338/338 339/339
f 338/338 340/340 339/339
f 339/339 340/340 341/341
f 340/340 342/342 341/341
f 341/341 342/342 343/343
f 342/342 344/344 343/343
f 343/343 344/344 345/345
f 344/344 346/346 345/345
f 86/86 347/347 333/333
f 347/347 348/348 333/333
f 333/333 348/348 334/334
f 348/348 349/349 334/334
f 334/334 349/349 336/336
f 349/349 350/350 336/336
f 336/336 350/350 338/338
f 350/350 351/351 338/338
f 338/338 351/351 340/340
f 351/351 352/352 340/340
f 340/340 352/352 342/342
f 352/352 353/353 342/342
f 342/342 353/353 344/344
f 353/353 354/354 344/344
f 344/344 354/354 346/346
f 351/351 355/355 352/352
f 355/355 356/356 352/352
f 352/352 356/356 353/353
f 356/356 357/357 353/353
f 353/353 357/357 358/358
f 359/359 360/360 361/361
f 360/360 362/362 361/361
f 360/360 363/363 362/362
f 363/363 364/364 362/362
f 364/364 363/363 365/365
f 363/363 366/366 365/365
f 365/365 366/366 367/367
f 365/365 367/367 368/368
f 367/367 369/369 368/368
f 368/368 369/369 370/370
f 369/369 371/371 370/370
f 370/370 371/371 372/372
f 370/370 372/372 373/373
f 372/372 374/374 373/373
f 373/373 374/374 375/375
f 374/374 376/376 375/375
f 375/375 376/376 377/377
f 375/375 377/377 378/378
f 377/377 379/379 378/378
f 378/378 379/379 380/380
f 379/379 381/381 380/380
f 379/379 382/382 381/381
f 382/382 383/383 381/381
f 382/382 384/384 383/383
f 384/384 385/385 383/383
f 385/385 384/384 386/386
f 384/384 387/387 386/386
f 386/386 387/387 388/388
f 387/387 389/389 388/388
f 388/388 389/389 390/390
f 389/389 391/391 390/390
f 389/389 392/392 391/391
f 392/392 393/393 391/391
f 392/392 394/394 393/393
f 394/394 395/395 393/393
f 393/393 395/395 396/396
f 395/395 397/397 396/396
f 396/396 397/397 398/398
f 397/397 399/399 398/398
f 398/398 399/399 400/400
f 398/398 400/400 401/401
f 400/400 402/402 401/401
f 401/401 402/402 403/403
f 402/402 404/404 403/403
f 403/403 404/404 405/405
f 404/404 406/406 405/405
f 405/405 406/406 407/407
f 406/406 408/408 407/407
f 407/407 408/408 409/409
f 408/408 410/410 409/409
f 12/12 37/37 14/14
f 37/37 39/39 14/14
f 14/14 39/39 411/411
f 39/39 41/41 411/411
f 411/411 41/41 412/412
f 41/41 413/413 412/412
f 412/412 413/413 22/22
f 413/413 24/24 22/22
f 22/22 20/20 412/412
f 20/20 18/18 412/412
f 412/412 18/18 411/411
f 18/18 16/16 411/411
f 411/411 16/16 14/14
f 26/26 24/24 45/45
f 24/24 413/413 45/45
f 45/45 413/413 43/43
f 413/413 41/41 43/43
f 7/7 9/9 414/414
f 9/9 415/415 414/414
f 414/414 415/415 416/416
f 415/415 417/417 416/416
f 416/416 417/417 418/418
f 417/417 419/419 418/418
f 418/418 419/419 420/420
f 419/419 421/421 420/420
f 9/9 11/11 415/415
f 11/11 422/422 415/415
f 415/415 422/422 417/417
f 422/422 423/423 417/417
f 417/417 423/423 419/419
f 423/423 424/424 419/419
f 419/419 424/424 425/425
f 424/424 426/426 425/425
f 425/425 426/426 427/427
f 11/11 13/13 422/422
f 13/13 15/15 422/422
f 422/422 15/15 423/423
f 15/15 424/424 423/423
f 424/424 15/15 428/428
f 15/15 17/17 428/428
f 428/428 17/17 429/429
f 17/17 430/430 429/429
f 430/430 17/17 431/431
f 17/17 19/19 431/431
f 431/431 19/19 432/432
f 19/19 21/21 432/432
f 432/432 21/21 433/433
f 21/21 23/23 433/433
f 433/433 23/23 434/434
f 23/23 25/25 434/434
f 434/434 25/25 27/27
f 434/434 27/27 435/435
f 27/27 436/436 435/435
f 27/27 29/29 436/436
f 29/29 31/31 436/436
f 436/436 31/31 437/437
f 31/31 438/438 437/437
f 426/426 424/424 439/439
f 424/424 428/428 439/439
f 439/439 428/428 429/429
f 427/427 421/421 425/425
f 421/421 419/419 425/425
f 440/440 441/441 442/442
f 441/441 443/443 442/442
f 442/442 443/443 444/444
f 443/443 445/445 444/444
f 444/444 445/445 446/446
f 445/445 447/447 446/446
f 446/446 447/447 448/448
f 447/447 449/449 448/448
f 448/448 449/449 450/450
f 449/449 451/451 450/450
f 445/445 443/443 447/447
f 443/443 452/452 447/447
f 447/447 452/452 449/449
f 452/452 453/453 449/449
f 449/449 453/453 454/454
f 453/453 455/455 454/454
f 454/454 455/455 456/456
f 443/443 441/441 452/452
f 441/441 457/457 452/452
f 452/452 457/457 453/453
f 457/457 458/458 453/453
f 453/453 458/458 455/455
f 324/324 323/323 459/459
f 323/323 460/460 459/459
f 460/460 323/323 461/461
f 323/323 322/322 461/461
f 461/461 322/322 6/6
f 322/322 34/34 6/6
f 6/6 34/34 8/8
f 6/6 4/4 461/461
f 4/4 460/460 461/461
f 221/221 233/233 223/223
f 233/233 462/462 223/223
f 223/223 462/462 463/463
f 462/462 464/464 463/463
f 463/463 464/464 465/465
f 464/464 462/462 235/235
f 462/462 233/233 235/235
f 156/156 155/155 165/165
f 155/155 106/106 165/165
f 165/165 106/106 104/104
f 466/466 467/467 468/468
f 467/467 469/469 468/468
f 468/468 469/469 125/125
f 469/469 470/470 125/125
f 125/125 470/470 123/123
f 470/470 471/471 123/123
f 123/123 471/471 472/472
f 471/471 473/473 472/472
f 472/472 473/473 474/474
f 473/473 475/475 474/474
f 474/474 475/475 476/476
f 475/475 477/477 476/476
f 476/476 477/477 478/478
f 477/477 479/479 478/478
f 478/478 479/479 480/480
f 479/479 481/481 480/480
f 480/480 481/481 482/482
f 123/123 472/472 121/121
f 472/472 474/474 121/121
f 121/121 474/474 119/119
f 474/474 476/476 119/119
f 119/119 476/476 117/117
f 476/476 193/193 117/117
f 476/476 478/478 193/193
f 478/478 483/483 193/193
f 193/193 483/483 192/192
f 483/483 190/190 192/192
f 478/478 480/480 483/483
f 480/480 484/484 483/483
f 483/483 484/484 190/190
f 484/484 188/188 190/190
f 480/480 485/485 484/484
f 485/485 486/486 484/484
f 484/484 486/486 188/188
f 486/486 487/487 188/188
f 188/188 487/487 488/488
f 487/487 489/489 488/488
f 488/488 489/489 490/490
f 188/188 488/488 186/186
f 488/488 491/491 186/186
f 186/186 491/491 184/184
f 491/491 492/492 184/184
f 184/184 492/492 182/182
f 492/492 493/493 182/182
f 182/182 493/493 180/180
f 493/493 494/494 180/180
f 180/180 494/494 175/175
f 494/494 177/177 175/175
f 488/488 490/490 491/491
f 490/490 495/495 491/491
f 491/491 495/495 492/492
f 495/495 496/496 492/492
f 492/492 496/496 493/493
f 496/496 497/497 493/493
f 493/493 497/497 494/494
f 497/497 498/498 494/494
f 494/494 498/498 499/499
f 494/494 499/499 177/177
f 499/499 179/179 177/177
f 480/480 482/482 485/485
f 482/482 500/500 485/485
f 485/485 500/500 501/501
f 500/500 502/502 501/501
f 501/501 502/502 503/503
f 502/502 504/504 503/503
f 503/503 504/504 505/505
f 485/485 501/501 486/486
f 501/501 503/503 486/486
f 486/486 503/503 487/487
f 503/503 505/505 487/487
f 487/487 505/505 489/489
f 506/506 507/507 508/508
f 507/507 509/509 508/508
f 508/508 509/509 510/510
f 509/509 511/511 510/510
f 510/510 511/511 512/512
f 511/511 513/513 512/512
f 512/512 513/513 514/514
f 513/513 511/511 515/515
f 511/511 509/509 515/515
f 515/515 509/509 507/507
f 481/481 479/479 516/516
f 479/479 517/517 516/516
f 516/516 517/517 518/518
f 517/517 519/519 518/518
f 479/479 477/477 517/517
f 477/477 520/520 517/517
f 517/517 520/520 519/519
f 520/520 521/521 519/519
f 477/477 475/475 520/520
f 475/475 522/522 520/520
f 520/520 522/522 521/521
f 522/522 523/523 521/521
f 523/523 522/522 524/524
f 522/522 525/525 524/524
f 524/524 525/525 526/526
f 525/525 527/527 526/526
f 526/526 527/527 528/528
f 527/527 469/469 528/528
f 528/528 469/469 467/467
f 522/522 473/473 525/525
f 473/473 471/471 525/525
f 525/525 471/471 527/527
f 471/471 470/470 527/527
f 527/527 470/470 469/469
f 523/523 524/524 529/529
f 524/524 530/530 529/529
f 529/529 530/530 531/531
f 530/530 532/532 531/531
f 531/531 532/532 533/533
f 532/532 534/534 533/533
f 524/524 526/526 530/530
f 526/526 535/535 530/530
f 530/530 535/535 532/532
f 535/535 536/536 532/532
f 532/532 536/536 534/534
f 536/536 535/535 537/537
f 535/535 528/528 537/537
f 537/537 528/528 467/467
f 508/508 510/510 538/538
f 510/510 539/539 538/538
f 538/538 539/539 540/540
f 539/539 541/541 540/540
f 510/510 512/512 539/539
f 512/512 542/542 539/539
f 539/539 542/542 543/543
f 542/542 544/544 543/543
f 543/543 544/544 545/545
f 544/544 542/542 546/546
f 542/542 512/512 546/546
f 546/546 512/512 514/514
f 539/539 543/543 541/541
f 543/543 547/547 541/541
f 541/541 547/547 548/548
f 547/547 549/549 548/548
f 543/543 545/545 547/547
f 545/545 550/550 547/547
f 547/547 550/550 549/549
f 550/550 551/551 549/549
f 545/545 552/552 550/550
f 552/552 553/553 550/550
f 550/550 553/553 551/551
f 553/553 554/554 551/551
f 552/552 555/555 553/553
f 555/555 556/556 553/553
f 553/553 556/556 557/557
f 556/556 558/558 557/557
f 557/557 558/558 559/559
f 558/558 560/560 559/559
f 559/559 560/560 561/561
f 560/560 562/562 561/561
f 561/561 562/562 563/563
f 562/562 564/564 563/563
f 563/563 564/564 565/565
f 564/564 566/566 565/565
f 565/565 566/566 567/567
f 566/566 568/568 567/567
f 565/565 567/567 563/563
f 567/567 569/569 563/563
f 563/563 569/569 561/561
f 569/569 570/570 561/561
f 561/561 570/570 559/559
f 570/570 571/571 559/559
f 559/559 571/571 554/554
f 559/559 554/554 557/557
f 554/554 553/553 557/557
f 247/247 245/245 318/318
f 245/245 320/320 318/318
f 226/226 572/572 224/224
f 572/572 573/573 224/224
f 224/224 573/573 222/222
f 573/573 220/220 222/222
f 573/573 574/574 220/220
f 574/574 218/218 220/220
f 574/574 575/575 218/218
f 575/575 216/216 218/218
f 575/575 213/213 216/216
f 213/213 211/211 216/216
f 564/564 576/576 566/566
f 576/576 577/577 566/566
f 566/566 577/577 578/578
f 577/577 579/579 578/578
f 578/578 579/579 580/580
f 579/579 581/581 580/580
f 576/576 582/582 577/577
f 582/582 583/583 577/577
f 577/577 583/583 579/579
f 583/583 584/584 579/579
f 579/579 584/584 581/581
f 584/584 585/585 581/581
f 581/581 585/585 586/586
f 585/585 587/587 586/586
f 586/586 587/587 588/588
f 587/587 589/589 588/588
f 588/588 589/589 590/590
f 589/589 591/591 590/590
f 590/590 591/591 592/592
f 591/591 593/593 592/592
f 592/592 593/593 594/594
f 593/593 595/595 594/594
f 594/594 595/595 596/596
f 595/595 456/456 596/596
f 584/584 597/597 585/585
f 597/597 598/598 585/585
f 585/585 598/598 587/587
f 598/598 599/599 587/587
f 587/587 599/599 589/589
f 599/599 600/600 589/589
f 589/589 600/600 591/591
f 600/600 601/601 591/591
f 591/591 601/601 593/593
f 601/601 602/602 593/593
f 593/593 602/602 595/595
f 602/602 603/603 595/595
f 595/595 603/603 604/604
f 603/603 605/605 604/604
f 604/604 605/605 451/451
f 451/451 454/454 604/604
f 454/454 456/456 604/604
f 604/604 456/456 595/595
f 566/566 578/578 568/568
f 578/578 606/606 568/568
f 568/568 606/606 607/607
f 606/606 608/608 607/607
f 607/607 608/608 609/609
f 608/608 610/610 609/609
f 609/609 610/610 611/611
f 610/610 612/612 611/611
f 611/611 612/612 613/613
f 612/612 614/614 613/613
f 613/613 614/614 615/615
f 614/614 616/616 615/615
f 615/615 616/616 617/617
f 616/616 618/618 617/617
f 617/617 618/618 619/619
f 618/618 620/620 619/619
f 619/619 620/620 621/621
f 620/620 622/622 621/621
f 621/621 622/622 623/623
f 578/578 624/624 606/606
f 624/624 625/625 606/606
f 606/606 625/625 608/608
f 625/625 626/626 608/608
f 608/608 626/626 610/610
f 626/626 627/627 610/610
f 610/610 627/627 628/628
f 627/627 629/629 628/628
f 628/628 629/629 630/630
f 629/629 631/631 630/630
f 630/630 631/631 632/632
f 631/631 633/633 632/632
f 632/632 633/633 634/634
f 633/633 635/635 634/634
f 634/634 635/635 636/636
f 636/636 637/637 634/634
f 637/637 614/614 634/634
f 634/634 614/614 632/632
f 614/614 612/612 632/632
f 632/632 612/612 630/630
f 612/612 610/610 630/630
f 630/630 610/610 628/628
f 636/636 638/638 637/637
f 638/638 639/639 637/637
f 637/637 639/639 640/640
f 639/639 622/622 640/640
f 640/640 622/622 620/620
f 620/620 618/618 640/640
f 618/618 616/616 640/640
f 640/640 616/616 614/614
f 617/617 619/619 641/641
f 619/619 642/642 641/641
f 641/641 642/642 643/643
f 642/642 644/644 643/643
f 643/643 644/644 645/645
f 644/644 646/646 645/645
f 619/619 621/621 642/642
f 621/621 647/647 642/642
f 642/642 647/647 644/644
f 647/647 648/648 644/644
f 644/644 648/648 649/649
f 648/648 650/650 649/649
f 649/649 650/650 651/651
f 650/650 648/648 652/652
f 648/648 647/647 652/652
f 652/652 647/647 623/623
f 647/647 621/621 623/623
f 631/631 629/629 633/633
f 629/629 653/653 633/633
f 633/633 653/653 635/635
f 653/653 654/654 635/635
f 653/653 629/629 655/655
f 629/629 627/627 655/655
f 655/655 627/627 656/656
f 627/627 626/626 656/656
f 656/656 626/626 657/657
f 656/656 658/658 655/655
f 658/658 659/659 655/655
f 655/655 659/659 653/653
f 659/659 654/654 653/653
f 656/656 657/657 658/658
f 657/657 660/660 658/658
f 658/658 660/660 661/661
f 660/660 662/662 661/661
f 661/661 662/662 663/663
f 662/662 664/664 663/663
f 657/657 665/665 660/660
f 665/665 666/666 660/660
f 660/660 666/666 662/662
f 666/666 667/667 662/662
f 662/662 667/667 664/664
f 667/667 668/668 664/664
f 665/665 669/669 666/666
f 669/669 670/670 666/666
f 666/666 670/670 667/667
f 670/670 671/671 667/667
f 667/667 671/671 668/668
f 671/671 672/672 668/668
f 672/672 671/671 673/673
f 671/671 674/674 673/673
f 673/673 674/674 675/675
f 674/674 676/676 675/675
f 675/675 676/676 677/677
f 676/676 678/678 677/677
f 677/677 678/678 679/679
f 678/678 680/680 679/679
f 679/679 680/680 681/681
f 680/680 682/682 681/681
f 681/681 682/682 683/683
f 682/682 684/684 683/683
f 683/683 684/684 685/685
f 684/684 686/686 685/685
f 685/685 686/686 649/649
f 686/686 687/687 649/649
f 649/649 687/687 644/644
f 687/687 646/646 644/644
f 681/681 683/683 688/688
f 683/683 685/685 688/688
f 688/688 685/685 689/689
f 685/685 649/649 689/689
f 689/689 649/649 651/651
f 688/688 690/690 681/681
f 690/690 679/679 681/681
f 690/690 691/691 679/679
f 691/691 677/677 679/679
f 691/691 692/692 677/677
f 692/692 693/693 677/677
f 677/677 693/693 675/675
f 693/693 673/673 675/675
f 693/693 694/694 673/673
f 694/694 672/672 673/673
f 658/658 661/661 659/659
f 661/661 695/695 659/659
f 659/659 695/695 654/654
f 671/671 670/670 674/674
f 670/670 696/696 674/674
f 674/674 696/696 697/697
f 674/674 697/697 676/676
f 697/697 678/678 676/676
f 697/697 698/698 678/678
f 698/698 699/699 678/678
f 678/678 699/699 680/680
f 699/699 700/700 680/680
f 680/680 700/700 701/701
f 701/701 702/702 680/680
f 702/702 682/682 680/680
f 702/702 703/703 682/682
f 703/703 684/684 682/682
f 703/703 704/704 684/684
f 704/704 705/705 684/684
f 684/684 705/705 686/686
f 705/705 706/706 686/686
f 686/686 706/706 687/687
f 706/706 707/707 687/687
f 687/687 707/707 708/708
f 203/203 204/204 709/709
f 204/204 710/710 709/709
f 709/709 710/710 711/711
f 710/710 712/712 711/711
f 711/711 712/712 713/713
f 712/712 714/714 713/713
f 713/713 714/714 715/715
f 714/714 716/716 715/715
f 715/715 716/716 717/717
f 716/716 718/718 717/717
f 717/717 718/718 719/719
f 718/718 720/720 719/719
f 719/719 720/720 721/721
f 720/720 722/722 721/721
f 721/721 722/722 723/723
f 722/722 724/724 723/723
f 723/723 724/724 725/725
f 724/724 726/726 725/725
f 204/204 206/206 710/710
f 206/206 727/727 710/710
f 710/710 727/727 712/712
f 727/727 728/728 712/712
f 712/712 728/728 714/714
f 728/728 729/729 714/714
f 714/714 729/729 716/716
f 729/729 730/730 716/716
f 716/716 730/730 718/718
f 730/730 731/731 718/718
f 718/718 731/731 720/720
f 731/731 732/732 720/720
f 720/720 732/732 733/733
f 732/732 734/734 733/733
f 733/733 734/734 735/735
f 734/734 736/736 735/735
f 735/735 736/736 737/737
f 720/720 733/733 722/722
f 733/733 735/735 722/722
f 722/722 735/735 724/724
f 735/735 737/737 724/724
f 724/724 737/737 738/738
f 120/120 133/133 122/122
f 133/133 739/739 122/122
f 122/122 739/739 124/124
f 739/739 740/740 124/124
f 133/133 741/741 739/739
f 741/741 742/742 739/739
f 739/739 742/742 740/740
f 742/742 743/743 740/740
f 741/741 744/744 742/742
f 744/744 745/745 742/742
f 742/742 745/745 743/743
f 745/745 746/746 743/743
f 744/744 747/747 745/745
f 747/747 748/748 745/745
f 745/745 748/748 746/746
f 748/748 749/749 746/746
f 747/747 750/750 748/748
f 750/750 751/751 748/748
f 748/748 751/751 749/749
f 751/751 752/752 749/749
f 752/752 751/751 753/753
f 751/751 750/750 753/753
f 753/753 750/750 754/754
f 750/750 755/755 754/754
f 754/754 755/755 756/756
f 755/755 757/757 756/756
f 750/750 747/747 755/755
f 747/747 758/758 755/755
f 755/755 758/758 757/757
f 758/758 759/759 757/757
f 759/759 758/758 760/760
f 758/758 744/744 760/760
f 760/760 744/744 761/761
f 744/744 741/741 761/761
f 761/761 741/741 135/135
f 741/741 133/133 135/135
f 759/759 760/760 137/137
f 760/760 761/761 137/137
f 137/137 761/761 135/135
f 136/136 134/134 762/762
f 134/134 763/763 762/762
f 134/134 132/132 763/763
f 132/132 138/138 763/763
f 756/756 764/764 754/754
f 764/764 765/765 754/754
f 754/754 765/765 753/753
f 765/765 766/766 753/753
f 753/753 766/766 767/767
f 766/766 768/768 767/767
f 767/767 768/768 769/769
f 767/767 770/770 753/753
f 770/770 752/752 753/753
f 770/770 767/767 771/771
f 767/767 772/772 771/771
f 771/771 772/772 773/773
f 772/772 774/774 773/773
f 773/773 774/774 775/775
f 774/774 776/776 775/775
f 775/775 776/776 777/777
f 776/776 778/778 777/777
f 777/777 778/778 779/779
f 778/778 780/780 779/779
f 779/779 780/780 781/781
f 780/780 782/782 781/781
f 767/767 769/769 772/772
f 769/769 783/783 772/772
f 772/772 783/783 774/774
f 783/783 784/784 774/774
f 774/774 784/784 776/776
f 784/784 785/785 776/776
f 776/776 785/785 778/778
f 785/785 786/786 778/778
f 778/778 786/786 780/780
f 786/786 787/787 780/780
f 780/780 787/787 782/782
f 787/787 788/788 782/782
f 769/769 789/789 783/783
f 789/789 790/790 783/783
f 783/783 790/790 784/784
f 790/790 791/791 784/784
f 784/784 791/791 785/785
f 791/791 786/786 785/785
f 791/791 788/788 786/786
f 788/788 787/787 786/786
f 792/792 793/793 794/794
f 793/793 795/795 794/794
f 794/794 795/795 796/796
f 795/795 797/797 796/796
f 796/796 797/797 798/798
f 797/797 463/463 798/798
f 798/798 463/463 465/465
f 465/465 799/799 798/798
f 799/799 800/800 798/798
f 798/798 800/800 796/796
f 800/800 801/801 796/796
f 796/796 801/801 794/794
f 801/801 802/802 794/794
f 794/794 802/802 792/792
f 802/802 803/803 792/792
f 802/802 801/801 803/803
f 801/801 804/804 803/803
f 803/803 804/804 805/805
f 804/804 806/806 805/805
f 805/805 806/806 807/807
f 806/806 808/808 807/807
f 804/804 801/801 809/809
f 801/801 800/800 809/809
f 809/809 800/800 810/810
f 800/800 811/811 810/810
f 809/809 812/812 804/804
f 812/812 813/813 804/804
f 804/804 813/813 806/806
f 813/813 814/814 806/806
f 806/806 814/814 815/815
f 814/814 816/816 815/815
f 815/815 816/816 817/817
f 816/816 818/818 817/817
f 817/817 818/818 819/819
f 818/818 820/820 819/819
f 819/819 820/820 821/821
f 820/820 822/822 821/821
f 821/821 823/823 819/819
f 823/823 824/824 819/819
f 819/819 824/824 817/817
f 824/824 825/825 817/817
f 817/817 825/825 815/815
f 825/825 808/808 815/815
f 815/815 808/808 806/806
f 824/824 823/823 825/825
f 823/823 826/826 825/825
f 825/825 826/826 808/808
f 793/793 827/827 795/795
f 827/827 828/828 795/795
f 795/795 828/828 797/797
f 828/828 829/829 797/797
f 797/797 829/829 830/830
f 829/829 225/225 830/830
f 830/830 225/225 223/223
f 223/223 463/463 830/830
f 463/463 797/797 830/830
f 827/827 831/831 828/828
f 831/831 829/829 828/828
f 831/831 227/227 829/829
f 227/227 225/225 829/829
f 816/816 832/832 818/818
f 832/832 833/833 818/818
f 818/818 833/833 820/820
f 833/833 834/834 820/820
f 820/820 834/834 822/822
f 834/834 835/835 822/822
f 835/835 834/834 836/836
f 834/834 837/837 836/836
f 836/836 837/837 838/838
f 837/837 833/833 838/838
f 838/838 833/833 832/832
f 839/839 840/840 841/841
f 840/840 842/842 841/841
f 841/841 842/842 843/843
f 842/842 844/844 843/843
f 843/843 844/844 845/845
f 844/844 846/846 845/845
f 840/840 847/847 842/842
f 847/847 848/848 842/842
f 842/842 848/848 844/844
f 848/848 849/849 844/844
f 844/844 849/849 850/850
f 849/849 851/851 850/850
f 851/851 849/849 852/852
f 849/849 848/848 852/852
f 852/852 848/848 853/853
f 848/848 854/854 853/853
f 853/853 854/854 855/855
f 854/854 856/856 855/855
f 855/855 856/856 857/857
f 856/856 858/858 857/857
f 848/848 847/847 854/854
f 847/847 859/859 854/854
f 854/854 859/859 860/860
f 859/859 861/861 860/860
f 860/860 861/861 862/862
f 861/861 863/863 862/862
f 847/847 864/864 859/859
f 864/864 865/865 859/859
f 859/859 865/865 861/861
f 865/865 866/866 861/861
f 861/861 866/866 863/863
f 847/847 840/840 864/864
f 840/840 867/867 864/864
f 864/864 867/867 865/865
f 867/867 868/868 865/865
f 865/865 868/868 869/869
f 840/840 870/870 867/867
f 870/870 871/871 867/867
f 867/867 871/871 868/868
f 854/854 860/860 856/856
f 860/860 872/872 856/856
f 856/856 872/872 858/858
f 851/851 852/852 873/873
f 852/852 874/874 873/873
f 874/874 852/852 875/875
f 852/852 876/876 875/875
f 875/875 876/876 877/877
f 876/876 855/855 877/877
f 877/877 855/855 878/878
f 855/855 879/879 878/878
f 855/855 876/876 853/853
f 876/876 852/852 853/853
f 869/869 880/880 865/865
f 880/880 866/866 865/865
f 840/840 839/839 870/870
f 860/860 862/862 872/872
f 4/4 2/2 460/460
f 246/246 320/320 245/245
f 708/708 646/646 687/687
f 799/799 811/811 800/800
f 809/809 810/810 812/812
f 513/513 515/515 881/881
f 833/833 837/837 834/834
f 347/347 86/86 88/88
f 354/354 353/353 358/358
f 207/207 202/202 200/200
f 74/74 76/76 205/205
f 726/726 724/724 738/738
f 160/160 154/154 152/152
f 163/163 161/161 159/159
f 695/695 661/661 663/663
f 171/171 181/181 173/173
f 198/198 103/103 105/105
f 528/528 535/535 526/526
f 475/475 473/473 522/522
f 108/108 106/106 155/155
f 670/670 669/669 696/696
f 744/744 758/758 747/747
f 444/444 446/446 882/882
f 449/449 454/454 451/451
f 624/624 578/578 580/580
f 583/583 597/597 584/584
f 438/438 31/31 33/33
f 857/857 879/879 855/855
f 844/844 850/850 846/846
f 640/640 614/614 637/637
f 883/883 884/884 885/885
f 884/884 886/886 885/885
f 884/884 887/887 886/886
f 887/887 888/888 886/886
f 887/887 889/889 888/888
f 889/889 890/890 888/888
f 889/889 891/891 890/890
f 891/891 892/892 890/890
f 891/891 893/893 892/892
f 893/893 894/894 892/892
f 893/893 895/895 894/894
f 895/895 896/896 894/894
f 895/895 897/897 896/896
f 897/897 898/898 896/896
f 897/897 899/899 898/898
f 899/899 900/900 898/898
f 899/899 901/901 900/900
f 901/901 902/902 900/900
f 901/901 903/903 902/902
f 903/903 904/904 902/902
f 905/905 903/903 906/906
f 903/903 907/907 906/906
f 906/906 907/907 908/908
f 907/907 909/909 908/908
f 908/908 909/909 910/910
f 909/909 911/911 910/910
f 910/910 911/911 912/912
f 911/911 913/913 912/912
f 912/912 913/913 914/914
f 913/913 915/915 914/914
f 914/914 915/915 916/916
f 915/915 917/917 916/916
f 916/916 917/917 918/918
f 917/917 919/919 918/918
f 918/918 919/919 920/920
f 919/919 921/921 920/920
f 920/920 921/921 922/922
f 921/921 923/923 922/922
f 907/907 924/924 909/909
f 924/924 925/925 909/909
f 909/909 925/925 911/911
f 925/925 926/926 911/911
f 911/911 926/926 913/913
f 926/926 927/927 913/913
f 913/913 927/927 915/915
f 927/927 928/928 915/915
f 915/915 928/928 917/917
f 928/928 929/929 917/917
f 917/917 929/929 919/919
f 929/929 930/930 919/919
f 919/919 930/930 921/921
f 930/930 931/931 921/921
f 921/921 931/931 923/923
f 931/931 932/932 923/923
f 923/923 932/932 933/933
f 932/932 934/934 933/933
f 933/933 934/934 935/935
f 934/934 936/936 935/935
f 934/934 932/932 937/937
f 932/932 931/931 937/937
f 937/937 931/931 938/938
f 931/931 930/930 938/938
f 938/938 930/930 939/939
f 930/930 929/929 939/939
f 939/939 929/929 940/940
f 929/929 928/928 940/940
f 940/940 928/928 941/941
f 928/928 927/927 941/941
f 941/941 927/927 942/942
f 927/927 926/926 942/942
f 942/942 926/926 925/925
f 938/938 939/939 943/943
f 939/939 940/940 943/943
f 943/943 940/940 944/944
f 940/940 941/941 944/944
f 944/944 941/941 945/945
f 941/941 946/946 945/945
f 945/945 946/946 947/947
f 946/946 948/948 947/947
f 947/947 948/948 949/949
f 948/948 950/950 949/949
f 949/949 950/950 951/951
f 950/950 889/889 951/951
f 951/951 889/889 887/887
f 938/938 943/943 937/937
f 943/943 952/952 937/937
f 937/937 952/952 934/934
f 952/952 953/953 934/934
f 934/934 953/953 936/936
f 953/953 954/954 936/936
f 943/943 955/955 952/952
f 955/955 956/956 952/952
f 952/952 956/956 953/953
f 956/956 957/957 953/953
f 953/953 957/957 954/954
f 957/957 958/958 954/954
f 955/955 959/959 956/956
f 959/959 960/960 956/956
f 956/956 960/960 957/957
f 960/960 961/961 957/957
f 957/957 961/961 958/958
f 961/961 962/962 958/958
f 959/959 955/955 963/963
f 955/955 944/944 963/963
f 963/963 944/944 964/964
f 944/944 945/945 964/964
f 964/964 945/945 965/965
f 945/945 947/947 965/965
f 965/965 947/947 949/949
f 959/959 963/963 966/966
f 963/963 964/964 966/966
f 966/966 964/964 967/967
f 964/964 965/965 967/967
f 967/967 965/965 968/968
f 965/965 969/969 968/968
f 968/968 969/969 970/970
f 969/969 971/971 970/970
f 970/970 971/971 972/972
f 971/971 884/884 972/972
f 972/972 884/884 973/973
f 884/884 883/883 973/973
f 965/965 949/949 969/969
f 949/949 951/951 969/969
f 969/969 951/951 971/971
f 951/951 887/887 971/971
f 971/971 887/887 884/884
f 910/910 912/912 974/974
f 912/912 975/975 974/974
f 912/912 914/914 975/975
f 914/914 916/916 975/975
f 975/975 916/916 976/976
f 916/916 918/918 976/976
f 976/976 918/918 977/977
f 918/918 978/978 977/977
f 977/977 978/978 979/979
f 978/978 980/980 979/979
f 979/979 980/980 981/981
f 980/980 978/978 982/982
f 978/978 920/920 982/982
f 982/982 920/920 922/922
f 907/907 903/903 924/924
f 903/903 901/901 924/924
f 924/924 901/901 899/899
f 924/924 899/899 983/983
f 899/899 984/984 983/983
f 983/983 984/984 985/985
f 984/984 986/986 985/985
f 985/985 986/986 946/946
f 986/986 948/948 946/946
f 924/924 983/983 925/925
f 983/983 985/985 925/925
f 925/925 985/985 942/942
f 985/985 946/946 942/942
f 942/942 946/946 941/941
f 899/899 897/897 984/984
f 897/897 987/987 984/984
f 984/984 987/987 986/986
f 987/987 948/948 986/986
f 897/897 895/895 987/987
f 895/895 893/893 987/987
f 987/987 893/893 950/950
f 893/893 891/891 950/950
f 950/950 891/891 889/889
f 973/973 988/988 972/972
f 988/988 989/989 972/972
f 972/972 989/989 970/970
f 989/989 990/990 970/970
f 970/970 990/990 968/968
f 990/990 967/967 968/968
f 989/989 991/991 990/990
f 991/991 992/992 990/990
f 990/990 992/992 967/967
f 992/992 993/993 967/967
f 967/967 993/993 966/966
f 993/993 994/994 966/966
f 966/966 994/994 959/959
f 994/994 995/995 959/959
f 959/959 995/995 960/960
f 995/995 961/961 960/960
f 991/991 996/996 992/992
f 996/996 997/997 992/992
f 992/992 997/997 993/993
f 997/997 998/998 993/993
f 993/993 998/998 994/994
f 998/998 999/999 994/994
f 994/994 999/999 995/995
f 999/999 1000/1000 995/995
f 995/995 1000/1000 961/961
f 1000/1000 962/962 961/961
f 991/991 1001/1001 996/996
f 1001/1001 1002/1002 996/996
f 996/996 1002/1002 997/997
f 1002/1002 1003/1003 997/997
f 997/997 1003/1003 998/998
f 1003/1003 1004/1004 998/998
f 998/998 1004/1004 1005/1005
f 998/998 1005/1005 999/999
f 1005/1005 1006/1006 999/999
f 999/999 1006/1006 1000/1000
f 1006/1006 1007/1007 1000/1000
f 1000/1000 1007/1007 962/962
f 1008/1008 1009/1009 1010/1010
f 1009/1009 1011/1011 1010/1010
f 1010/1010 1011/1011 1012/1012
f 1011/1011 1013/1013 1012/1012
f 1012/1012 1013/1013 1014/1014
f 1013/1013 1015/1015 1014/1014
f 1014/1014 1015/1015 1016/1016
f 1015/1015 1017/1017 1016/1016
f 1016/1016 1017/1017 1018/1018
f 1017/1017 1019/1019 1018/1018
f 1018/1018 1019/1019 1020/1020
f 1019/1019 1021/1021 1020/1020
f 1020/1020 1021/1021 1022/1022
f 1021/1021 1023/1023 1022/1022
f 1022/1022 1023/1023 1024/1024
f 1023/1023 1025/1025 1024/1024
f 1024/1024 1025/1025 1026/1026
f 1025/1025 1027/1027 1026/1026
f 1026/1026 1027/1027 1028/1028
f 1027/1027 1029/1029 1028/1028
f 1028/1028 1029/1029 1030/1030
f 1029/1029 1031/1031 1030/1030
f 1030/1030 1031/1031 1032/1032
f 1031/1031 1033/1033 1032/1032
f 1032/1032 1033/1033 1034/1034
f 1027/1027 1025/1025 1035/1035
f 1025/1025 1023/1023 1035/1035
f 1035/1035 1023/1023 1036/1036
f 1023/1023 1021/1021 1036/1036
f 1036/1036 1021/1021 1037/1037
f 1021/1021 1019/1019 1037/1037
f 1037/1037 1019/1019 1038/1038
f 1019/1019 1017/1017 1038/1038
f 1038/1038 1017/1017 1039/1039
f 1017/1017 1040/1040 1039/1039
f 1039/1039 1040/1040 1041/1041
f 1040/1040 1042/1042 1041/1041
f 1041/1041 1042/1042 1043/1043
f 1042/1042 1009/1009 1043/1043
f 1017/1017 1015/1015 1040/1040
f 1015/1015 1013/1013 1040/1040
f 1040/1040 1013/1013 1042/1042
f 1013/1013 1011/1011 1042/1042
f 1042/1042 1011/1011 1009/1009
f 1010/1010 1012/1012 1044/1044
f 1012/1012 1045/1045 1044/1044
f 1044/1044 1045/1045 1046/1046
f 1045/1045 1047/1047 1046/1046
f 1046/1046 1047/1047 1048/1048
f 1047/1047 1049/1049 1048/1048
f 1048/1048 1049/1049 1050/1050
f 1049/1049 1051/1051 1050/1050
f 1050/1050 1051/1051 1052/1052
f 1051/1051 1053/1053 1052/1052
f 1052/1052 1053/1053 1054/1054
f 1053/1053 1055/1055 1054/1054
f 1012/1012 1014/1014 1045/1045
f 1014/1014 1056/1056 1045/1045
f 1045/1045 1056/1056 1047/1047
f 1056/1056 1057/1057 1047/1047
f 1047/1047 1057/1057 1049/1049
f 1057/1057 1058/1058 1049/1049
f 1049/1049 1058/1058 1051/1051
f 1058/1058 1053/1053 1051/1051
f 1014/1014 1016/1016 1056/1056
f 1016/1016 1059/1059 1056/1056
f 1056/1056 1059/1059 1057/1057
f 1059/1059 1060/1060 1057/1057
f 1057/1057 1060/1060 1058/1058
f 1060/1060 1061/1061 1058/1058
f 1058/1058 1061/1061 1053/1053
f 1061/1061 1062/1062 1053/1053
f 1053/1053 1062/1062 1055/1055
f 1062/1062 1063/1063 1055/1055
f 1016/1016 1018/1018 1059/1059
f 1018/1018 1064/1064 1059/1059
f 1059/1059 1064/1064 1060/1060
f 1064/1064 1065/1065 1060/1060
f 1060/1060 1065/1065 1066/1066
f 1065/1065 1067/1067 1066/1066
f 1066/1066 1067/1067 1068/1068
f 1067/1067 1069/1069 1068/1068
f 1068/1068 1069/1069 1070/1070
f 1069/1069 1071/1071 1070/1070
f 1070/1070 1071/1071 1072/1072
f 1071/1071 1073/1073 1072/1072
f 1072/1072 1073/1073 1074/1074
f 1073/1073 1075/1075 1074/1074
f 1074/1074 1075/1075 1076/1076
f 1075/1075 1077/1077 1076/1076
f 1076/1076 1077/1077 1078/1078
f 1077/1077 1079/1079 1078/1078
f 1078/1078 1079/1079 1080/1080
f 1079/1079 1081/1081 1080/1080
f 1080/1080 1081/1081 1082/1082
f 1081/1081 1083/1083 1082/1082
f 1082/1082 1083/1083 1084/1084
f 1083/1083 1085/1085 1084/1084
f 1081/1081 1079/1079 1086/1086
f 1079/1079 1077/1077 1086/1086
f 1086/1086 1077/1077 1087/1087
f 1077/1077 1075/1075 1087/1087
f 1087/1087 1075/1075 1088/1088
f 1075/1075 1073/1073 1088/1088
f 1088/1088 1073/1073 1089/1089
f 1073/1073 1071/1071 1089/1089
f 1089/1089 1071/1071 1090/1090
f 1071/1071 1091/1091 1090/1090
f 1090/1090 1091/1091 1092/1092
f 1091/1091 1093/1093 1092/1092
f 1092/1092 1093/1093 1022/1022
f 1093/1093 1094/1094 1022/1022
f 1022/1022 1094/1094 1020/1020
f 1094/1094 1064/1064 1020/1020
f 1020/1020 1064/1064 1018/1018
f 1022/1022 1024/1024 1092/1092
f 1024/1024 1026/1026 1092/1092
f 1092/1092 1026/1026 1090/1090
f 1026/1026 1028/1028 1090/1090
f 1090/1090 1028/1028 1095/1095
f 1028/1028 1030/1030 1095/1095
f 1095/1095 1030/1030 1096/1096
f 1030/1030 1097/1097 1096/1096
f 1096/1096 1097/1097 1098/1098
f 1097/1097 1099/1099 1098/1098
f 1098/1098 1099/1099 1100/1100
f 1099/1099 1101/1101 1100/1100
f 1100/1100 1101/1101 1102/1102
f 1101/1101 1103/1103 1102/1102
f 1102/1102 1103/1103 1081/1081
f 1103/1103 1104/1104 1081/1081
f 1081/1081 1104/1104 1083/1083
f 1081/1081 1086/1086 1102/1102
f 1086/1086 1105/1105 1102/1102
f 1102/1102 1105/1105 1100/1100
f 1105/1105 1106/1106 1100/1100
f 1100/1100 1106/1106 1098/1098
f 1106/1106 1096/1096 1098/1098
f 1086/1086 1087/1087 1105/1105
f 1087/1087 1107/1107 1105/1105
f 1105/1105 1107/1107 1106/1106
f 1107/1107 1108/1108 1106/1106
f 1106/1106 1108/1108 1096/1096
f 1108/1108 1095/1095 1096/1096
f 1087/1087 1088/1088 1107/1107
f 1088/1088 1089/1089 1107/1107
f 1107/1107 1089/1089 1108/1108
f 1089/1089 1090/1090 1108/1108
f 1108/1108 1090/1090 1095/1095
f 1109/1109 1110/1110 1111/1111
f 1110/1110 1112/1112 1111/1111
f 1111/1111 1112/1112 904/904
f 1112/1112 902/902 904/904
f 1110/1110 1113/1113 1112/1112
f 1113/1113 1114/1114 1112/1112
f 1112/1112 1114/1114 902/902
f 1114/1114 900/900 902/902
f 1113/1113 1115/1115 1114/1114
f 1115/1115 1116/1116 1114/1114
f 1114/1114 1116/1116 900/900
f 1116/1116 898/898 900/900
f 1115/1115 1117/1117 1116/1116
f 1117/1117 1118/1118 1116/1116
f 1116/1116 1118/1118 898/898
f 1118/1118 896/896 898/898
f 896/896 1118/1118 894/894
f 1118/1118 1119/1119 894/894
f 894/894 1119/1119 892/892
f 1119/1119 1120/1120 892/892
f 892/892 1120/1120 1121/1121
f 1120/1120 1122/1122 1121/1121
f 1121/1121 1122/1122 1123/1123
f 1122/1122 1124/1124 1123/1123
f 1123/1123 1124/1124 1125/1125
f 1120/1120 1119/1119 1126/1126
f 1119/1119 1118/1118 1126/1126
f 1126/1126 1118/1118 1117/1117
f 1126/1126 1127/1127 1120/1120
f 1127/1127 1122/1122 1120/1120
f 892/892 1121/1121 890/890
f 1121/1121 888/888 890/890
f 1121/1121 1123/1123 888/888
f 1123/1123 886/886 888/888
f 886/886 1123/1123 1128/1128
f 1123/1123 1125/1125 1128/1128
f 1128/1128 1125/1125 1129/1129
f 1129/1129 1130/1130 1128/1128
f 1130/1130 885/885 1128/1128
f 1128/1128 885/885 886/886
f 1033/1033 1031/1031 1131/1131
f 1031/1031 1132/1132 1131/1131
f 1131/1131 1132/1132 1133/1133
f 1132/1132 1134/1134 1133/1133
f 1133/1133 1134/1134 1135/1135
f 1134/1134 1136/1136 1135/1135
f 1135/1135 1136/1136 1137/1137
f 1136/1136 1138/1138 1137/1137
f 1031/1031 1029/1029 1132/1132
f 1029/1029 1139/1139 1132/1132
f 1132/1132 1139/1139 1134/1134
f 1139/1139 1140/1140 1134/1134
f 1134/1134 1140/1140 1136/1136
f 1140/1140 1141/1141 1136/1136
f 1136/1136 1141/1141 1138/1138
f 1141/1141 1142/1142 1138/1138
f 1029/1029 1027/1027 1139/1139
f 1027/1027 1143/1143 1139/1139
f 1139/1139 1143/1143 1140/1140
f 1143/1143 1144/1144 1140/1140
f 1140/1140 1144/1144 1141/1141
f 1144/1144 1145/1145 1141/1141
f 1141/1141 1145/1145 1142/1142
f 1145/1145 1146/1146 1142/1142
f 1027/1027 1035/1035 1143/1143
f 1035/1035 1147/1147 1143/1143
f 1143/1143 1147/1147 1144/1144
f 1147/1147 1145/1145 1144/1144
f 1035/1035 1036/1036 1147/1147
f 1036/1036 1148/1148 1147/1147
f 1147/1147 1148/1148 1145/1145
f 1148/1148 1146/1146 1145/1145
f 1148/1148 1036/1036 1149/1149
f 1036/1036 1150/1150 1149/1149
f 1149/1149 1150/1150 1151/1151
f 1150/1150 1152/1152 1151/1151
f 1151/1151 1152/1152 1153/1153
f 1152/1152 1154/1154 1153/1153
f 1036/1036 1037/1037 1150/1150
f 1037/1037 1038/1038 1150/1150
f 1150/1150 1038/1038 1152/1152
f 1038/1038 1155/1155 1152/1152
f 1152/1152 1155/1155 1154/1154
f 1155/1155 1156/1156 1154/1154
f 1038/1038 1039/1039 1155/1155
f 1039/1039 1041/1041 1155/1155
f 1155/1155 1041/1041 1156/1156
f 1041/1041 1043/1043 1156/1156
f 1099/1099 1097/1097 1157/1157
f 1097/1097 1034/1034 1157/1157
f 1034/1034 1097/1097 1032/1032
f 1097/1097 1030/1030 1032/1032
f 989/989 988/988 991/991
f 988/988 1001/1001 991/991
f 1071/1071 1069/1069 1091/1091
f 1069/1069 1093/1093 1091/1091
f 1093/1093 1069/1069 1094/1094
f 1069/1069 1067/1067 1094/1094
f 1094/1094 1067/1067 1065/1065
f 1146/1146 1148/1148 1158/1158
f 1148/1148 1159/1159 1158/1158
f 1148/1148 1149/1149 1159/1159
f 1149/1149 1151/1151 1159/1159
f 1084/1084 1160/1160 1082/1082
f 1160/1160 1080/1080 1082/1082
f 1160/1160 1161/1161 1080/1080
f 1161/1161 1162/1162 1080/1080
f 1080/1080 1162/1162 1078/1078
f 1162/1162 1163/1163 1078/1078
f 1078/1078 1163/1163 1076/1076
f 1163/1163 1164/1164 1076/1076
f 1076/1076 1164/1164 1074/1074
f 1164/1164 1165/1165 1074/1074
f 1074/1074 1165/1165 1072/1072
f 1165/1165 1166/1166 1072/1072
f 1072/1072 1166/1166 1070/1070
f 1166/1166 1068/1068 1070/1070
f 1163/1163 1167/1167 1164/1164
f 1167/1167 1168/1168 1164/1164
f 1164/1164 1168/1168 1165/1165
f 1168/1168 1169/1169 1165/1165
f 1165/1165 1169/1169 1170/1170
f 1169/1169 1171/1171 1170/1170
f 1170/1170 1171/1171 1172/1172
f 1171/1171 1173/1173 1172/1172
f 1172/1172 1173/1173 1174/1174
f 1173/1173 1175/1175 1174/1174
f 1174/1174 1175/1175 1176/1176
f 1175/1175 1177/1177 1176/1176
f 1176/1176 1177/1177 1062/1062
f 1177/1177 1063/1063 1062/1062
f 1165/1165 1170/1170 1166/1166
f 1170/1170 1172/1172 1166/1166
f 1166/1166 1172/1172 1066/1066
f 1172/1172 1178/1178 1066/1066
f 1066/1066 1178/1178 1060/1060
f 1178/1178 1061/1061 1060/1060
f 1172/1172 1174/1174 1178/1178
f 1174/1174 1176/1176 1178/1178
f 1178/1178 1176/1176 1061/1061
f 1176/1176 1062/1062 1061/1061
f 1162/1162 1161/1161 1163/1163
f 1161/1161 1179/1179 1163/1163
f 1163/1163 1179/1179 1167/1167
f 1179/1179 1180/1180 1167/1167
f 1167/1167 1180/1180 1181/1181
f 1180/1180 1182/1182 1181/1181
f 1181/1181 1182/1182 1183/1183
f 1181/1181 1183/1183 1184/1184
f 1183/1183 1185/1185 1184/1184
f 1184/1184 1185/1185 1186/1186
f 1185/1185 1187/1187 1186/1186
f 1186/1186 1187/1187 1173/1173
f 1187/1187 1188/1188 1173/1173
f 1173/1173 1188/1188 1175/1175
f 1188/1188 1177/1177 1175/1175
f 1173/1173 1171/1171 1186/1186
f 1171/1171 1169/1169 1186/1186
f 1186/1186 1169/1169 1184/1184
f 1169/1169 1181/1181 1184/1184
f 1169/1169 1168/1168 1181/1181
f 1168/1168 1167/1167 1181/1181
f 1183/1183 1189/1189 1185/1185
f 1189/1189 1190/1190 1185/1185
f 1185/1185 1190/1190 1187/1187
f 1190/1190 1191/1191 1187/1187
f 1187/1187 1191/1191 1188/1188
f 1191/1191 1192/1192 1188/1188
f 1188/1188 1192/1192 1193/1193
f 1192/1192 1194/1194 1193/1193
f 1193/1193 1194/1194 1195/1195
f 1194/1194 1196/1196 1195/1195
f 1195/1195 1196/1196 1197/1197
f 1189/1189 1198/1198 1190/1190
f 1198/1198 1199/1199 1190/1190
f 1190/1190 1199/1199 1191/1191
f 1199/1199 1200/1200 1191/1191
f 1191/1191 1200/1200 1201/1201
f 1200/1200 1202/1202 1201/1201
f 1201/1201 1202/1202 1194/1194
f 1202/1202 1196/1196 1194/1194
f 1194/1194 1192/1192 1201/1201
f 1192/1192 1191/1191 1201/1201
f 1197/1197 1203/1203 1195/1195
f 1203/1203 1204/1204 1195/1195
f 1195/1195 1204/1204 1193/1193
f 1204/1204 1188/1188 1193/1193
f 1203/1203 1063/1063 1204/1204
f 1063/1063 1177/1177 1204/1204
f 1204/1204 1177/1177 1188/1188
f 1198/1198 1205/1205 1199/1199
f 1205/1205 1206/1206 1199/1199
f 1199/1199 1206/1206 1200/1200
f 1206/1206 1207/1207 1200/1200
f 1200/1200 1207/1207 1208/1208
f 1200/1200 1208/1208 1202/1202
f 1208/1208 1209/1209 1202/1202
f 1202/1202 1209/1209 1196/1196
f 1205/1205 1210/1210 1206/1206
f 1210/1210 1211/1211 1206/1206
f 1206/1206 1211/1211 1207/1207
f 1212/1212 1213/1213 1214/1214
f 1213/1213 1215/1215 1214/1214
f 1214/1214 1215/1215 1216/1216
f 1215/1215 1217/1217 1216/1216
f 1216/1216 1217/1217 1218/1218
f 1217/1217 1219/1219 1218/1218
f 1218/1218 1219/1219 1220/1220
f 1212/1212 1214/1214 1221/1221
f 1214/1214 1222/1222 1221/1221
f 1221/1221 1222/1222 1223/1223
f 1222/1222 1224/1224 1223/1223
f 1223/1223 1224/1224 1225/1225
f 1224/1224 1226/1226 1225/1225
f 1225/1225 1226/1226 1227/1227
f 1226/1226 1228/1228 1227/1227
f 1227/1227 1228/1228 1229/1229
f 1228/1228 1230/1230 1229/1229
f 1229/1229 1230/1230 1231/1231
f 1230/1230 1232/1232 1231/1231
f 1231/1231 1232/1232 1233/1233
f 1232/1232 1234/1234 1233/1233
f 1233/1233 1234/1234 1235/1235
f 1234/1234 1236/1236 1235/1235
f 1235/1235 1236/1236 1237/1237
f 1236/1236 1238/1238 1237/1237
f 1237/1237 1238/1238 1239/1239
f 1238/1238 1240/1240 1239/1239
f 1239/1239 1240/1240 1241/1241
f 1240/1240 1242/1242 1241/1241
f 1241/1241 1242/1242 1243/1243
f 1242/1242 1244/1244 1243/1243
f 1243/1243 1244/1244 1234/1234
f 1244/1244 1236/1236 1234/1234
f 1228/1228 1245/1245 1230/1230
f 1245/1245 1246/1246 1230/1230
f 1230/1230 1246/1246 1232/1232
f 1246/1246 1247/1247 1232/1232
f 1232/1232 1247/1247 1234/1234
f 1247/1247 1246/1246 1234/1234
f 1234/1234 1246/1246 1243/1243
f 1246/1246 1245/1245 1243/1243
f 1243/1243 1245/1245 1241/1241
f 1245/1245 1248/1248 1241/1241
f 1241/1241 1248/1248 1239/1239
f 1248/1248 1216/1216 1239/1239
f 1239/1239 1216/1216 1237/1237
f 1216/1216 1249/1249 1237/1237
f 1237/1237 1249/1249 1235/1235
f 1249/1249 1250/1250 1235/1235
f 1235/1235 1250/1250 1251/1251
f 1250/1250 1252/1252 1251/1251
f 1251/1251 1252/1252 1253/1253
f 1252/1252 1250/1250 1254/1254
f 1250/1250 1255/1255 1254/1254
f 1254/1254 1255/1255 1256/1256
f 1255/1255 1257/1257 1256/1256
f 1256/1256 1257/1257 1258/1258
f 1257/1257 1249/1249 1258/1258
f 1258/1258 1249/1249 1218/1218
f 1249/1249 1216/1216 1218/1218
f 1218/1218 1220/1220 1258/1258
f 1220/1220 1256/1256 1258/1258
f 1219/1219 1217/1217 1259/1259
f 1217/1217 1215/1215 1259/1259
f 1259/1259 1215/1215 1213/1213
f 1257/1257 1255/1255 1249/1249
f 1255/1255 1250/1250 1249/1249
f 1236/1236 1244/1244 1238/1238
f 1244/1244 1240/1240 1238/1238
f 1214/1214 1216/1216 1222/1222
f 1216/1216 1248/1248 1222/1222
f 1222/1222 1248/1248 1224/1224
f 1248/1248 1228/1228 1224/1224
f 1224/1224 1228/1228 1226/1226
f 1225/1225 1227/1227 1260/1260
f 1227/1227 1261/1261 1260/1260
f 1261/1261 1227/1227 1262/1262
f 1227/1227 1229/1229 1262/1262
f 1262/1262 1229/1229 1263/1263
f 1229/1229 1264/1264 1263/1263
f 1263/1263 1264/1264 1265/1265
f 1264/1264 1266/1266 1265/1265
f 1261/1261 1262/1262 1267/1267
f 1262/1262 1263/1263 1267/1267
f 1267/1267 1263/1263 1265/1265
f 1235/1235 1251/1251 1233/1233
f 1251/1251 1268/1268 1233/1233
f 1233/1233 1268/1268 1269/1269
f 1268/1268 1270/1270 1269/1269
f 1269/1269 1270/1270 1271/1271
f 1271/1271 1272/1272 1269/1269
f 1272/1272 1273/1273 1269/1269
f 1269/1269 1273/1273 1231/1231
f 1273/1273 1274/1274 1231/1231
f 1231/1231 1274/1274 1275/1275
f 1274/1274 1276/1276 1275/1275
f 1275/1275 1276/1276 1266/1266
f 1276/1276 1274/1274 1277/1277
f 1274/1274 1273/1273 1277/1277
f 1277/1277 1273/1273 1272/1272
f 1270/1270 1268/1268 1253/1253
f 1268/1268 1251/1251 1253/1253
f 1278/1278 1279/1279 1280/1280
f 1279/1279 1281/1281 1280/1280
f 1280/1280 1281/1281 1282/1282
f 1281/1281 1283/1283 1282/1282
f 1282/1282 1283/1283 1284/1284
f 1283/1283 1285/1285 1284/1284
f 1284/1284 1285/1285 1286/1286
f 1285/1285 1287/1287 1286/1286
f 1286/1286 1287/1287 1288/1288
f 1287/1287 1289/1289 1288/1288
f 1288/1288 1289/1289 1290/1290
f 1279/1279 1291/1291 1281/1281
f 1291/1291 1292/1292 1281/1281
f 1281/1281 1292/1292 1283/1283
f 1292/1292 1285/1285 1283/1283
f 1293/1293 1294/1294 1295/1295
f 1294/1294 1296/1296 1295/1295
f 1295/1295 1296/1296 1297/1297
f 1296/1296 1298/1298 1297/1297
f 1297/1297 1298/1298 1299/1299
f 1298/1298 1300/1300 1299/1299
f 1299/1299 1300/1300 1301/1301
f 1300/1300 1302/1302 1301/1301
f 1301/1301 1302/1302 1303/1303
f 1302/1302 1304/1304 1303/1303
f 1303/1303 1304/1304 1305/1305
f 1304/1304 1306/1306 1305/1305
f 1305/1305 1306/1306 1307/1307
f 1306/1306 1308/1308 1307/1307
f 1307/1307 1308/1308 1309/1309
f 1308/1308 1310/1310 1309/1309
f 1309/1309 1310/1310 1311/1311
f 1310/1310 1312/1312 1311/1311
f 1311/1311 1312/1312 1313/1313
f 1313/1313 1278/1278 1311/1311
f 1278/1278 1280/1280 1311/1311
f 1311/1311 1280/1280 1309/1309
f 1280/1280 1282/1282 1309/1309
f 1309/1309 1282/1282 1314/1314
f 1282/1282 1284/1284 1314/1314
f 1314/1314 1284/1284 1286/1286
f 1286/1286 1288/1288 1314/1314
f 1288/1288 1315/1315 1314/1314
f 1314/1314 1315/1315 1309/1309
f 1315/1315 1307/1307 1309/1309
f 1315/1315 1316/1316 1307/1307
f 1316/1316 1317/1317 1307/1307
f 1307/1307 1317/1317 1305/1305
f 1317/1317 1303/1303 1305/1305
f 1316/1316 1318/1318 1317/1317
f 1318/1318 1319/1319 1317/1317
f 1317/1317 1319/1319 1303/1303
f 1319/1319 1301/1301 1303/1303
f 1301/1301 1319/1319 1299/1299
f 1319/1319 1320/1320 1299/1299
f 1299/1299 1320/1320 1297/1297
f 1320/1320 1295/1295 1297/1297
f 1320/1320 1319/1319 1321/1321
f 1319/1319 1318/1318 1321/1321
f 1321/1321 1318/1318 1322/1322
f 1318/1318 1323/1323 1322/1322
f 1322/1322 1323/1323 1324/1324
f 1323/1323 1325/1325 1324/1324
f 1318/1318 1316/1316 1323/1323
f 1316/1316 1326/1326 1323/1323
f 1323/1323 1326/1326 1325/1325
f 1326/1326 1327/1327 1325/1325
f 1325/1325 1327/1327 1328/1328
f 1327/1327 1329/1329 1328/1328
f 1328/1328 1329/1329 1290/1290
f 1329/1329 1288/1288 1290/1290
f 1288/1288 1329/1329 1315/1315
f 1329/1329 1327/1327 1315/1315
f 1315/1315 1327/1327 1316/1316
f 1327/1327 1326/1326 1316/1316
f 1304/1304 1330/1330 1306/1306
f 1330/1330 1308/1308 1306/1306
f 1330/1330 1331/1331 1308/1308
f 1331/1331 1310/1310 1308/1308
f 1331/1331 1332/1332 1310/1310
f 1332/1332 1312/1312 1310/1310
f 1324/1324 1333/1333 1322/1322
f 1333/1333 1334/1334 1322/1322
f 1322/1322 1334/1334 1321/1321
f 1334/1334 1335/1335 1321/1321
f 1321/1321 1335/1335 1336/1336
f 1335/1335 1337/1337 1336/1336
f 1336/1336 1337/1337 1338/1338
f 1337/1337 1339/1339 1338/1338
f 1338/1338 1339/1339 1293/1293
f 1293/1293 1295/1295 1338/1338
f 1295/1295 1320/1320 1338/1338
f 1338/1338 1320/1320 1336/1336
f 1320/1320 1321/1321 1336/1336
f 1333/1333 1340/1340 1334/1334
f 1340/1340 1341/1341 1334/1334
f 1334/1334 1341/1341 1335/1335
f 1341/1341 1339/1339 1335/1335
f 1335/1335 1339/1339 1337/1337
f 1264/1264 1229/1229 1342/1342
f 1229/1229 1231/1231 1342/1342
f 1342/1342 1231/1231 1275/1275
f 1275/1275 1266/1266 1342/1342
f 1266/1266 1264/1264 1342/1342
f 1065/1065 1064/1064 1094/1094
f 1166/1166 1066/1066 1068/1068
f 944/944 955/955 943/943
f 950/950 948/948 987/987
f 920/920 978/978 918/918
f 904/904 903/903 905/905
f 1233/1233 1269/1269 1231/1231
f 1245/1245 1228/1228 1248/1248
f 1244/1244 1242/1242 1240/1240
# num_faces: 2050
