mtllib XFVUKAFKU12KSEHHZC01N4YMZ.mtl
v 0.448889 -0.885711 -0.776731
v 0.480934 -0.869312 -0.785982
v 0.448889 -0.885711 0.776732
v 0.480934 -0.869312 -0.530263
v 0.480934 -0.869312 0.513512
v 0.480934 -0.869312 0.785982
v 0.508477 -0.844576 0.517154
v 0.508477 -0.844576 0.793265
v 0.522973 -0.821911 0.523126
v 0.522973 -0.821911 0.802442
v 0.541437 -0.755659 0.540897
v 0.541437 -0.755659 0.829682
v 0.574015 -0.597385 0.572361
v 0.574015 -0.597385 0.877897
v 0.592021 -0.485149 0.589768
v 0.610027 -0.372913 0.607103
v 0.592021 -0.485149 -0.589768
v 0.610027 -0.372913 -0.607102
v 0.574015 -0.597385 -0.877897
v 0.610027 -0.372913 -0.931284
v 0.640393 -0.148440 -0.976149
v 0.640393 -0.148440 0.976150
v 0.610027 -0.372913 0.931284
v 0.660687 0.047210 -1.006157
v 0.660687 0.047210 1.006157
v -0.699064 0.047210 -1.006157
v -0.699064 0.047210 -0.250292
v -0.701048 0.066552 -1.009143
v -0.701048 0.066552 -0.251020
v -0.698378 0.072817 1.009580
v -0.701048 0.066552 0.251020
v -0.701048 0.066552 1.009143
v -0.699064 0.047210 1.006157
v -0.699064 0.047210 0.250292
v 0.373432 0.087964 -1.068575
v 0.372974 0.087964 -1.062093
v 0.427679 0.088617 -1.047745
v 0.425085 0.088617 -1.042136
v 0.470023 0.088944 -1.013294
v 0.465598 0.088944 -1.009216
v 0.500313 0.088672 -0.965297
v 0.494514 0.088672 -0.963258
v 0.518624 0.087964 -0.903680
v 0.512215 0.087964 -0.904117
v -0.411809 0.087964 -1.068575
v -0.411351 0.087964 -1.062093
v -0.215499 0.087964 -1.068575
v -0.215880 0.087964 -1.062020
v -0.019189 0.087964 -1.068575
v -0.019189 0.087964 -1.062020
v 0.177122 0.087964 -1.068575
v 0.177503 0.087964 -1.062020
v 0.373432 0.087964 -1.068575
v 0.372974 0.087964 -1.062093
v 1.205061 -0.858306 0.422543
v 1.205061 -0.858306 -0.422543
v 1.095424 -0.785407 0.422543
v 1.095424 -0.785407 -0.422543
v 0.975486 -0.720027 0.422543
v 0.975486 -0.720027 -0.422543
v 0.845248 -0.662220 0.422543
v 0.845248 -0.662220 -0.422543
v 0.704863 -0.611986 0.422543
v 0.704863 -0.611986 -0.422543
v 0.554102 -0.569326 0.422543
v 0.554102 -0.569326 -0.422543
v 0.393193 -0.534293 0.422543
v 0.393193 -0.534293 -0.422543
v 0.221984 -0.506833 0.422543
v 0.221984 -0.506833 -0.422543
v 1.203307 -0.859232 0.422543
v 1.205061 -0.858306 0.422543
v 1.093898 -0.786388 0.422543
v 1.095424 -0.785407 0.422543
v 0.974189 -0.721117 0.422543
v 0.975486 -0.720027 0.422543
v 0.844180 -0.663473 0.422543
v 0.845248 -0.662220 0.422543
v 0.703948 -0.613294 0.422543
v 0.704863 -0.611986 0.422543
v 0.553491 -0.570742 0.422543
v 0.554102 -0.569326 0.422543
v 0.392735 -0.535709 0.422543
v 0.393193 -0.534293 0.422543
v 0.221679 -0.508250 0.422543
v 0.221984 -0.506833 0.422543
v 1.203307 -0.859232 -0.422543
v 1.203307 -0.859232 0.422543
v 1.093898 -0.786388 -0.422543
v 1.093898 -0.786388 0.422543
v 0.974189 -0.721171 -0.422543
v 0.974189 -0.721117 0.422543
v 0.844180 -0.663473 -0.422543
v 0.844180 -0.663473 0.422543
v 0.703948 -0.613294 -0.422543
v 0.703948 -0.613294 0.422543
v 0.553491 -0.570742 -0.422543
v 0.553491 -0.570742 0.422543
v 0.392735 -0.535709 -0.422543
v 0.392735 -0.535709 0.422543
v 0.221679 -0.508250 -0.422543
v 0.221679 -0.508250 0.422543
v -0.487266 -0.885711 -0.776731
v -0.487266 -0.885711 0.000036
v -0.519311 -0.869312 -0.785982
v -0.519311 -0.869312 0.000036
v -0.546854 -0.844576 -0.793265
v -0.546854 -0.844576 0.000036
v -0.561350 -0.821911 0.000036
v -0.546854 -0.844576 0.793265
v -0.561350 -0.821911 0.802442
v -0.519311 -0.869312 0.785982
v -0.487266 -0.885711 0.776732
v -0.638791 0.047210 -0.137181
v -0.638791 0.047210 0.137182
v -0.699064 0.047210 -0.250292
v -0.699064 0.047210 0.250292
v 0.221679 -0.508250 -0.422543
v 0.221984 -0.506833 -0.422543
v 0.392735 -0.535709 -0.422543
v 0.393193 -0.534293 -0.422543
v 0.553491 -0.570742 -0.422543
v 0.554102 -0.569326 -0.422543
v 0.703948 -0.613294 -0.422543
v 0.704863 -0.611986 -0.422543
v 0.844180 -0.663473 -0.422543
v 0.845248 -0.662220 -0.422543
v 0.974189 -0.721171 -0.422543
v 0.975486 -0.720027 -0.422543
v 1.093898 -0.786388 -0.422543
v 1.095424 -0.785407 -0.422543
v 1.203307 -0.859232 -0.422543
v 1.205061 -0.858306 -0.422543
v 1.205061 -0.858306 0.422543
v 1.205061 -0.858306 -0.422543
v 0.458121 0.122016 -0.320430
v 0.448279 0.123759 -0.303315
v 0.465598 0.120708 -0.315842
v 0.455451 0.122506 -0.299527
v 0.444388 0.124413 -0.291807
v 0.435766 0.125939 -0.279061
v 0.448126 0.123759 -0.282411
v 0.435080 0.126102 -0.262965
v 0.441183 0.125012 -0.299454
v 0.411733 0.130188 -0.299527
v 0.426610 0.127573 -0.291807
v 0.430807 0.126810 -0.316643
v 0.438208 0.125503 -0.319702
v 1.235580 -0.798701 0.541771
v 1.250000 -0.824908 0.541771
v 1.235580 -0.798701 -0.545850
v 1.250000 -0.824908 -0.545850
v 1.248779 -0.854819 0.541771
v 1.248779 -0.854819 -0.545850
v 1.232299 -0.879773 0.541771
v 1.232299 -0.879773 -0.545850
v 1.205290 -0.892631 0.541771
v 1.205290 -0.892631 -0.545850
v 0.448279 0.123759 -0.303315
v 0.442023 0.088236 -0.303315
v 0.438208 0.125503 -0.319702
v 0.431951 0.090034 -0.319702
v 0.438208 0.125503 -0.319702
v 0.431951 0.090034 -0.319702
v 0.430807 0.126810 -0.316643
v 0.424551 0.091342 -0.316643
v 0.430807 0.126810 -0.316643
v 0.424551 0.091342 -0.316643
v 0.441183 0.125012 -0.299454
v 0.434927 0.089489 -0.299454
v 0.435080 0.126102 -0.262965
v 0.428823 0.090579 -0.262965
v 0.448126 0.123759 -0.282411
v 0.441870 0.088291 -0.282411
v 0.435766 0.125939 -0.279061
v 0.429510 0.090470 -0.279061
v 0.426610 0.127573 -0.291807
v 0.420354 0.092050 -0.291807
v 0.411733 0.130188 -0.299527
v 0.405477 0.094719 -0.299527
v 0.435080 0.126102 -0.262965
v 0.428823 0.090579 -0.262965
v 0.426610 0.127573 -0.291807
v 0.420354 0.092050 -0.291807
v 0.444388 0.124413 -0.291807
v 0.438131 0.088944 -0.291807
v 0.441183 0.125012 -0.299454
v 0.434927 0.089489 -0.299454
v 0.411733 0.130188 -0.299527
v 0.405477 0.094719 -0.299527
v 0.452780 0.122942 -0.291078
v 0.446524 0.087473 -0.291078
v 0.469718 0.119945 -0.291297
v 0.463462 0.084477 -0.291297
v 0.485816 0.117112 -0.300328
v 0.479560 0.081644 -0.300328
v 0.455451 0.122506 -0.299527
v 0.449194 0.086983 -0.299527
v 0.462317 0.121253 -0.279789
v 0.456061 0.085784 -0.279789
v 0.464301 0.120926 -0.262965
v 0.458045 0.085403 -0.262965
v 0.448126 0.123759 -0.282411
v 0.441870 0.088291 -0.282411
v 0.464301 0.120926 -0.262965
v 0.458045 0.085403 -0.262965
v 0.462317 0.121253 -0.279789
v 0.456061 0.085784 -0.279789
v 0.444388 0.124413 -0.291807
v 0.438131 0.088944 -0.291807
v 0.435766 0.125939 -0.279061
v 0.429510 0.090470 -0.279061
v 0.455451 0.122506 -0.299527
v 0.449194 0.086983 -0.299527
v 0.465598 0.120708 -0.315842
v 0.459265 0.085185 -0.315842
v -0.661603 0.080063 -0.359105
v -1.248550 0.892631 -0.359105
v -0.661603 0.080063 0.465442
v -1.248550 0.892631 0.465442
v 0.465598 0.120708 -0.315842
v 0.459265 0.085185 -0.315842
v 0.458121 0.122016 -0.320430
v 0.451788 0.086547 -0.320430
v 0.458121 0.122016 -0.320430
v 0.451788 0.086547 -0.320430
v 0.448279 0.123759 -0.303315
v 0.442023 0.088236 -0.303315
v 0.435080 0.089489 -0.003023
v 0.441336 0.124958 -0.003023
v 0.439123 0.088781 -0.003023
v 0.445380 0.124249 -0.003023
v 0.408833 0.094120 0.038201
v 0.415090 0.129589 0.038201
v 0.465445 0.084150 0.038201
v 0.471702 0.119619 0.038201
v 0.408833 0.094120 0.038201
v 0.415090 0.129589 0.038201
v 0.465445 0.084150 0.038201
v 0.471702 0.119619 0.038201
v 0.437826 -0.845611 -0.510526
v 0.817476 -0.858088 -0.510526
v 0.437597 -0.855092 -0.510526
v 0.817247 -0.867568 -0.510526
v 0.415090 0.129589 -0.022979
v 0.415090 0.129589 -0.010379
v 0.471702 0.119619 -0.022979
v 0.471702 0.119619 -0.010379
v 0.408833 0.094120 -0.022979
v 0.465445 0.084150 -0.022979
v 0.408833 0.094120 -0.010379
v 0.408833 0.094120 -0.022979
v 0.465445 0.084150 -0.010379
v 0.408833 0.094120 -0.010379
v 0.465445 0.084150 -0.022979
v 0.465445 0.084150 -0.010379
v 0.415090 0.129589 -0.045120
v 0.415090 0.129589 -0.032520
v 0.471702 0.119619 -0.045120
v 0.471702 0.119619 -0.032520
v 0.408833 0.094120 -0.045120
v 0.465445 0.084150 -0.045120
v 0.408833 0.094120 -0.032520
v 0.408833 0.094120 -0.045120
v 0.465445 0.084150 -0.032520
v 0.408833 0.094120 -0.032520
v 0.465445 0.084150 -0.045120
v 0.465445 0.084150 -0.032520
v 0.437216 0.125721 0.199527
v 0.449576 0.123541 0.199527
v 0.437216 0.125721 0.142135
v 0.449576 0.123541 0.142135
v 0.430959 0.090197 0.199527
v 0.430959 0.090197 0.142135
v 0.443320 0.088018 0.199527
v 0.430959 0.090197 0.199527
v 0.443320 0.088018 0.142135
v 0.443320 0.088018 0.199527
v 0.430959 0.090197 0.142135
v 0.443320 0.088018 0.142135
v 0.471702 0.119619 -0.159396
v 0.471702 0.119619 -0.171996
v 0.449576 0.123541 -0.159396
v 0.449576 0.123541 -0.171996
v 0.437216 0.125721 -0.171996
v 0.449576 0.123541 -0.194356
v 0.437216 0.125721 -0.194356
v 0.437216 0.125721 -0.159396
v 0.415090 0.129589 -0.171996
v 0.415090 0.129589 -0.159396
v 0.437216 0.125721 -0.136963
v 0.449576 0.123541 -0.136963
v 0.443320 0.088018 -0.136963
v 0.430959 0.090197 -0.136963
v 0.443320 0.088018 -0.159396
v 0.443320 0.088018 -0.136963
v 0.430959 0.090197 -0.136963
v 0.430959 0.090197 -0.159396
v 0.430959 0.090197 -0.194356
v 0.443320 0.088018 -0.194356
v 0.430959 0.090197 -0.171996
v 0.437216 0.125721 -0.171996
v 0.430959 0.090197 -0.194356
v 0.437216 0.125721 -0.194356
v 0.443320 0.088018 -0.194356
v 0.449576 0.123541 -0.194356
v 0.443320 0.088018 -0.171996
v 0.449576 0.123541 -0.171996
v 0.465445 0.084150 -0.159396
v 0.443320 0.088018 -0.159396
v 0.465445 0.084150 -0.171996
v 0.465445 0.084150 -0.159396
v 0.408833 0.094120 -0.171996
v 0.430959 0.090197 -0.159396
v 0.408833 0.094120 -0.159396
v 0.408833 0.094120 -0.159396
v -0.687773 0.070692 -0.386272
v -0.694792 0.078647 -0.386272
v -0.676557 0.071510 -0.386272
v -0.688383 0.082352 -0.386272
v -0.654202 0.074670 -0.386272
v -0.666105 0.095210 -0.386272
v -1.034844 0.570797 -0.386272
v -1.028436 0.574447 -0.386272
v -1.006157 0.587359 -0.386272
v -1.178434 0.776962 -0.386272
v -1.172025 0.780612 -0.386272
v -1.180647 0.780776 -0.384524
v -1.174238 0.784426 -0.384524
v -1.180647 0.780776 -0.384524
v -1.178434 0.776962 -0.386272
v -1.181638 0.782520 -0.380664
v -1.034844 0.570797 -0.371632
v -1.181638 0.782520 -0.371632
v -1.181638 0.782520 0.482776
v -1.034844 0.570797 -0.386272
v -0.694792 0.078647 -0.386272
v -0.694792 0.078647 -0.371632
v -0.687773 0.070692 -0.386272
v -0.687773 0.070692 -0.371632
v -1.034844 0.570797 0.482776
v -0.694792 0.078647 0.482776
v -1.034844 0.570797 0.497415
v -1.178434 0.776962 0.497415
v -1.181638 0.782520 0.491808
v -0.663053 0.078974 -0.359105
v -0.663053 0.078974 0.465442
v -1.250000 0.891595 -0.359105
v -1.250000 0.891595 0.465442
v -0.654202 0.074670 -0.371632
v -0.654202 0.074670 -0.386272
v -0.666105 0.095210 -0.371632
v -0.666105 0.095210 -0.386272
v -1.006157 0.587359 -0.386272
v -1.250000 0.891595 0.465442
v -1.248550 0.892631 0.465442
v -1.250000 0.891595 -0.359105
v -1.248550 0.892631 -0.359105
v -1.006157 0.587359 0.497415
v -0.666105 0.095210 0.497415
v -1.006157 0.587359 0.482776
v -0.666105 0.095210 0.482776
v -0.654202 0.074670 0.497415
v -0.654202 0.074670 0.482776
v -1.174238 0.784426 -0.384524
v -1.175230 0.786224 -0.380664
v -1.172025 0.780612 -0.386272
v -1.175230 0.786224 -0.371632
v -1.028436 0.574447 -0.371632
v -1.175230 0.786224 0.482776
v -1.028436 0.574447 0.482776
v -1.175230 0.786224 0.491808
v -1.172025 0.780612 0.497415
v -1.174238 0.784426 0.495668
v -0.688383 0.082352 0.482776
v -0.688383 0.082352 -0.371632
v -0.676557 0.071510 0.482776
v -0.676557 0.071510 -0.371632
v -1.250000 0.891595 -0.359105
v -1.248550 0.892631 -0.359105
v -0.663053 0.078974 -0.359105
v -0.661603 0.080063 -0.359105
v -1.028436 0.574447 -0.371632
v -1.006157 0.587359 -0.371632
v -1.028436 0.574447 -0.386272
v -1.006157 0.587359 -0.386272
v -1.248550 0.892631 0.465442
v -1.250000 0.891595 0.465442
v -0.661603 0.080063 0.465442
v -0.663053 0.078974 0.465442
v -0.687773 0.070692 0.482776
v -0.687773 0.070692 0.497415
v -0.694792 0.078647 0.497415
v -1.028436 0.574447 0.497415
v -1.006157 0.587359 0.497415
v -1.028436 0.574447 0.482776
v -1.006157 0.587359 0.482776
v -0.676557 0.071510 0.482776
v -0.688383 0.082352 0.482776
v -0.654202 0.074670 0.482776
v -0.666105 0.095210 0.482776
v -1.028436 0.574447 0.482776
v -1.006157 0.587359 0.482776
v -1.174238 0.784426 0.495668
v -1.175230 0.786224 0.491808
v -1.180647 0.780776 0.495668
v -1.181638 0.782520 0.491808
v -1.175230 0.786224 0.482776
v -1.181638 0.782520 0.482776
v -1.175230 0.786224 -0.371632
v -1.181638 0.782520 -0.371632
v -1.175230 0.786224 -0.380664
v -1.181638 0.782520 -0.380664
v -1.174238 0.784426 -0.384524
v -1.180647 0.780776 -0.384524
v -1.180647 0.780776 0.495668
v -1.178434 0.776962 0.497415
v -1.174238 0.784426 0.495668
v -1.172025 0.780612 0.497415
v -1.034844 0.570797 0.497415
v -1.028436 0.574447 0.497415
v -0.694792 0.078647 0.497415
v -0.688383 0.082352 0.497415
v -1.006157 0.587359 0.497415
v -0.666105 0.095210 0.497415
v -0.687773 0.070692 0.497415
v -0.676557 0.071510 0.497415
v -0.654202 0.074670 0.497415
v -0.550516 0.093085 0.904117
v -0.550516 0.087964 0.904117
v -0.532891 0.093848 0.963258
v -0.532891 0.088672 0.963258
v -0.503975 0.094120 1.009216
v -0.503975 0.088944 1.009216
v -0.463462 0.093793 1.042136
v -0.463462 0.088617 1.042136
v -0.411351 0.093085 1.062093
v -0.411351 0.087964 1.062093
v -0.550516 0.087964 -0.904117
v -0.550516 0.093085 -0.904117
v -0.532891 0.088672 -0.963258
v -0.532891 0.093848 -0.963258
v -0.503975 0.088944 -1.009216
v -0.503975 0.094120 -1.009216
v -0.463462 0.088617 -1.042136
v -0.463462 0.093793 -1.042136
v -0.411351 0.087964 -1.062093
v -0.411351 0.093085 -1.062093
v -1.028436 0.574447 -0.371632
v -0.688383 0.082352 -0.371632
v -1.006157 0.587359 -0.371632
v -0.666105 0.095210 -0.371632
v -0.676557 0.071510 -0.371632
v -0.654202 0.074670 -0.371632
v 0.512215 0.093085 -0.904117
v 0.494514 0.093848 -0.963258
v 0.465598 0.094120 -1.009216
v 0.425085 0.093793 -1.042136
v 0.372974 0.093085 -1.062093
v -0.575465 0.070692 0.580591
v -0.601482 0.070692 0.373963
v -0.565088 0.104472 0.584015
v -0.596675 0.106706 0.373963
v -0.614528 0.070692 0.165150
v -0.612697 0.107632 0.165150
v -0.614528 0.070692 -0.044319
v -0.612697 0.107632 -0.044319
v -0.601482 0.070692 -0.253059
v -0.596675 0.106706 -0.253059
v -0.575465 0.070692 -0.459761
v -0.565088 0.104472 -0.465150
v -0.575465 0.070692 -0.459761
v -0.612468 0.070692 -0.477896
v -0.565088 0.104472 -0.465150
v -0.620708 0.125939 -0.477896
v -0.566767 0.171705 -0.465150
v -0.628948 0.181130 -0.477896
v -0.673200 0.180531 -0.264057
v -0.656797 0.127246 -0.264057
v -0.693953 0.177153 -0.047961
v -0.674650 0.127192 -0.047961
v -0.693953 0.177153 0.168864
v -0.674650 0.127192 0.168864
v -0.656797 0.127246 0.384888
v -0.639401 0.070692 0.384888
v -0.612468 0.070692 0.598800
v -0.652905 0.070692 0.168864
v -0.652905 0.070692 -0.047961
v -0.639401 0.070692 -0.264057
v -0.523583 0.115205 0.580591
v -0.556391 0.119782 0.373963
v -0.511299 0.153671 0.580591
v -0.549295 0.166856 0.373963
v -0.573328 0.121852 0.165150
v -0.569895 0.172250 0.165150
v -0.569895 0.172250 -0.044319
v -0.573328 0.121852 -0.044319
v -0.549295 0.166856 -0.253059
v -0.556391 0.119782 -0.253059
v -0.511299 0.153671 -0.459761
v -0.523583 0.115205 -0.459761
v -0.550516 0.087964 0.904117
v -0.550516 0.093085 0.904117
v -0.550440 0.087964 0.452769
v -0.550440 0.093085 0.452769
v -0.550440 0.087964 -0.000036
v -0.550440 0.093085 -0.000036
v -0.550440 0.087964 -0.452769
v -0.550440 0.093085 -0.452769
v -0.550516 0.087964 -0.904117
v -0.550516 0.093085 -0.904117
v -0.523583 0.115205 0.580591
v -0.511299 0.153671 0.580591
v -0.565088 0.104472 0.584015
v -0.566767 0.171705 0.584015
v -0.620708 0.125939 0.598800
v -0.628948 0.181130 0.598800
v -0.673200 0.180531 0.384888
v -0.575465 0.070692 0.580591
v -0.511299 0.153671 -0.459761
v -0.523583 0.115205 -0.459761
v 0.512215 0.087964 -0.904117
v 0.512215 0.093085 -0.904117
v 0.512062 0.087964 -0.452769
v 0.512062 0.093085 -0.452769
v 0.512062 0.087964 -0.000036
v 0.512062 0.093085 -0.000036
v 0.512062 0.087964 0.452769
v 0.512062 0.093085 0.452769
v 0.512215 0.087964 0.904117
v 0.512215 0.093085 0.904117
v 0.372974 0.093085 1.062093
v 0.372974 0.087964 1.062093
v 0.425085 0.093793 1.042136
v 0.425085 0.088617 1.042136
v 0.465598 0.094120 1.009216
v 0.465598 0.088944 1.009216
v 0.494514 0.093848 0.963258
v 0.494514 0.088672 0.963258
v 0.512215 0.093085 0.904117
v 0.512215 0.087964 0.904117
v -0.411351 0.093085 -1.062093
v -0.215880 0.093085 -1.062020
v -0.019189 0.093085 -1.062020
v 0.177503 0.093085 -1.062020
v 0.372974 0.093085 -1.062093
v 0.389454 -0.685267 0.571851
v 0.389454 -0.818860 0.524073
v 0.495811 -0.685267 0.571851
v 0.495811 -0.818860 0.524073
v 0.495811 -0.685267 -0.577751
v 0.495811 -0.818860 -0.530045
v 0.389454 -0.685267 -0.577751
v 0.389454 -0.818860 -0.530045
v 0.495811 -0.685267 0.571851
v 0.495811 -0.818860 0.524073
v 0.495811 -0.590411 0.543665
v 0.495811 -0.818860 0.472652
v 0.495811 -0.818860 -0.478552
v 0.495811 -0.590411 -0.549637
v 0.495811 -0.818860 -0.530045
v 0.495811 -0.685267 -0.577751
v 0.389454 -0.566492 -0.549637
v 0.389454 -0.566492 0.543665
v 0.372974 0.087964 1.062093
v 0.372974 0.093085 1.062093
v 0.177503 0.087964 1.062020
v 0.177503 0.093085 1.062020
v -0.019189 0.087964 1.062020
v -0.019189 0.093085 1.062020
v -0.215880 0.087964 1.062020
v -0.215880 0.093085 1.062020
v -0.411351 0.087964 1.062093
v -0.411351 0.093085 1.062093
v 0.437826 -0.845611 0.448690
v 0.817476 -0.858088 0.448690
v 0.437826 -0.845611 -0.448690
v 0.817476 -0.858088 -0.448690
v 0.854785 -0.858960 -0.408632
v 0.854709 -0.863700 0.000036
v 0.929022 -0.860812 -0.363038
v 0.929022 -0.860812 0.363038
v 1.026452 -0.863155 -0.346432
v 1.026376 -0.867895 0.000036
v 1.226501 -0.868004 -0.346432
v 1.226501 -0.868004 0.346432
v 1.026452 -0.863155 0.346432
v 0.448889 -0.885711 0.776732
v 0.480934 -0.869312 0.785982
v 0.437139 -0.885711 0.811400
v 0.466208 -0.869312 0.829609
v 0.418828 -0.885711 0.836965
v 0.442404 -0.869312 0.862821
v 0.393346 -0.885711 0.855246
v 0.409215 -0.869312 0.886564
v 0.358630 -0.885711 0.866972
v 0.365574 -0.869312 0.901350
v -0.397008 -0.885711 0.866972
v -0.403951 -0.869312 0.901350
v -0.431723 -0.885711 0.855246
v -0.447592 -0.869312 0.886564
v -0.457205 -0.885711 0.836965
v -0.480781 -0.869312 0.862821
v -0.475516 -0.885711 0.811400
v -0.504585 -0.869312 0.829609
v -0.487266 -0.885711 0.776732
v -0.519311 -0.869312 0.785982
v 0.508477 -0.844576 0.793265
v 0.491157 -0.844576 0.844685
v 0.462546 -0.844576 0.884525
v 0.422720 -0.844576 0.913076
v 0.371296 -0.844576 0.930483
v -0.409673 -0.844576 0.930483
v -0.461097 -0.844576 0.913076
v -0.500923 -0.844576 0.884525
v -0.529534 -0.844576 0.844685
v -0.546854 -0.844576 0.793265
v 0.522973 -0.821911 0.802442
v 0.504509 -0.821911 0.857140
v 0.473914 -0.821911 0.899747
v 0.431341 -0.821911 0.930337
v 0.376637 -0.821911 0.948837
v -0.415013 -0.821911 0.948837
v -0.469718 -0.821911 0.930337
v -0.512291 -0.821911 0.899747
v -0.542886 -0.821911 0.857140
v -0.561350 -0.821911 0.802442
v 0.541437 -0.755659 0.829682
v 0.522286 -0.755659 0.886273
v 0.490699 -0.755659 0.930337
v 0.446600 -0.755659 0.961947
v 0.390065 -0.755659 0.981102
v 0.413869 -0.597385 1.038058
v -0.428442 -0.755659 0.981102
v -0.452246 -0.597385 1.038058
v -0.484977 -0.755659 0.961947
v -0.512062 -0.597385 1.017883
v -0.558679 -0.597385 0.984452
v -0.591487 -0.372913 1.044248
v -0.626965 -0.372913 0.994795
v -0.656262 -0.148440 1.042719
v -0.678770 -0.148440 0.976150
v -0.699064 0.047210 1.006157
v 0.574015 -0.597385 0.877897
v 0.553796 -0.597385 0.937766
v 0.520379 -0.597385 0.984452
v 0.473685 -0.597385 1.017883
v 0.440191 -0.372913 1.101131
v -0.478492 -0.372913 1.101131
v -0.542047 -0.372913 1.079718
v -0.619106 -0.148440 1.094577
v -0.675871 0.047210 1.074766
v 0.610027 -0.372913 0.931284
v 0.588588 -0.372913 0.994795
v 0.553110 -0.372913 1.044248
v 0.503670 -0.372913 1.079718
v 0.462317 -0.148440 1.154227
v -0.500694 -0.148440 1.154227
v -0.567225 -0.148440 1.131721
v -0.637570 0.047210 1.128225
v 0.640393 -0.148440 0.976150
v 0.617885 -0.148440 1.042719
v 0.580729 -0.148440 1.094577
v 0.528847 -0.148440 1.131721
v 0.477119 0.047210 1.189770
v -0.515496 0.047210 1.189770
v -0.584086 0.047210 1.166609
v 0.660687 0.047210 1.006157
v 0.637494 0.047210 1.074766
v 0.599193 0.047210 1.128225
v 0.545709 0.047210 1.166609
v -0.529076 -0.755659 0.930337
v -0.560663 -0.755659 0.886273
v -0.579814 -0.755659 0.829682
v -0.592173 -0.597385 0.937766
v -0.612392 -0.597385 0.877897
v -0.648404 -0.372913 0.931284
v 0.854785 -0.858960 0.408632
v 0.817247 -0.867568 -0.448690
v 0.854556 -0.868495 -0.408632
v 0.437597 -0.855092 -0.448690
v 0.854556 -0.868495 0.408632
v 0.928793 -0.870292 0.363038
v 0.928793 -0.870292 -0.363038
v 1.026223 -0.872635 -0.346432
v 1.026223 -0.872635 0.346432
v 1.226272 -0.877484 0.346432
v 1.226272 -0.877484 -0.346432
v 1.226272 -0.877484 0.346432
v 1.226501 -0.868004 0.346432
v 1.026223 -0.872635 0.346432
v 1.026452 -0.863155 0.346432
v 0.928793 -0.870292 0.363038
v 0.929022 -0.860812 0.363038
v 0.854556 -0.868495 0.408632
v 0.854785 -0.858960 0.408632
v 0.437826 -0.845611 0.510526
v 0.437597 -0.855092 0.510526
v 0.817476 -0.858088 0.510526
v 0.817247 -0.867568 0.510526
v -0.698378 0.072817 -1.009580
v -0.692351 0.076086 1.008997
v -0.692351 0.076086 -1.008997
v -0.670072 0.076086 -1.075057
v -0.675489 0.072817 -1.077460
v -0.637646 0.072871 -1.130338
v -0.639401 0.066552 -1.131576
v -0.585765 0.066606 -1.170032
v -0.584086 0.047210 -1.166608
v -0.516945 0.066606 -1.193266
v -0.515496 0.047210 -1.189769
v 0.477119 0.047210 -1.189769
v 0.478568 0.066606 -1.193266
v -0.516869 0.072871 -1.191081
v 0.478492 0.072871 -1.191081
v -0.516106 0.076086 -1.185327
v 0.477729 0.076086 -1.185327
v -0.582102 0.076086 -1.163040
v -0.633374 0.076086 -1.126259
v -0.584773 0.072871 -1.168211
v 1.226501 -0.868004 -0.346432
v 1.226501 -0.868004 0.346432
v 1.226272 -0.877484 -0.346432
v 1.226272 -0.877484 0.346432
v 0.817476 -0.858088 0.510526
v 0.817247 -0.867568 0.510526
v 0.817476 -0.858088 0.448690
v 0.817247 -0.867568 0.448690
v 0.854785 -0.858960 0.408632
v 0.854556 -0.868495 0.408632
v -0.698378 0.072817 -1.009580
v -0.677778 0.066552 -1.077970
v -0.701048 0.066552 -1.009143
v -0.675871 0.047210 -1.074766
v -0.699064 0.047210 -1.006157
v -0.637570 0.047210 -1.128225
v 0.817476 -0.858088 -0.510526
v 0.817476 -0.858088 -0.448690
v 0.817247 -0.867568 -0.510526
v 0.817247 -0.867568 -0.448690
v 0.854785 -0.858960 -0.408632
v 0.854556 -0.868495 -0.408632
v 0.056192 -0.726783 0.523126
v 0.056192 -0.726783 -0.523126
v 0.074580 -0.660585 0.540897
v 0.074580 -0.660585 -0.540897
v 0.107158 -0.502311 0.572361
v 0.107158 -0.502311 -0.572361
v 0.125240 -0.390075 -0.589768
v 1.235580 -0.798701 -0.545850
v 1.250000 -0.824908 -0.545850
v 1.225509 -0.808508 -0.545850
v 1.236343 -0.828122 -0.545850
v 1.248779 -0.854819 -0.545850
v 1.235428 -0.850515 -0.545850
v 1.232299 -0.879773 -0.545850
v 1.223144 -0.869203 -0.545850
v 1.205290 -0.892631 -0.545850
v 1.202925 -0.878792 -0.545850
v 1.235580 -0.798701 0.541771
v 1.225509 -0.808508 0.541771
v 1.250000 -0.824908 0.541771
v 1.236343 -0.828122 0.541771
v 1.248779 -0.854819 0.541771
v 1.235428 -0.850515 0.541771
v 1.232299 -0.879773 0.541771
v 1.223144 -0.869203 0.541771
v 1.205290 -0.892631 0.541771
v 1.202925 -0.878792 0.541771
v 1.202925 -0.878792 0.541771
v 1.223144 -0.869203 0.541771
v 1.202925 -0.878792 -0.545850
v 1.223144 -0.869203 -0.545850
v 1.235428 -0.850515 0.541771
v 1.235428 -0.850515 -0.545850
v 1.236343 -0.828122 0.541771
v 1.236343 -0.828122 -0.545850
v 1.225509 -0.808508 0.541771
v 1.225509 -0.808508 -0.545850
v -0.411809 0.087964 -1.068575
v -0.412572 0.076086 -1.070687
v -0.466056 0.088617 -1.047745
v -0.466971 0.076794 -1.049857
v -0.508400 0.088944 -1.013294
v -0.509316 0.077067 -1.015334
v -0.538690 0.088672 -0.965297
v -0.539682 0.076794 -0.967264
v -0.557001 0.087964 -0.903680
v -0.558069 0.076086 -0.905501
v -0.556467 0.093085 -0.902806
v -0.558069 0.104963 -0.905501
v -0.538156 0.093848 -0.964350
v -0.539682 0.105671 -0.967264
v -0.507866 0.094120 -1.012275
v -0.509316 0.105998 -1.015334
v -0.465598 0.093793 -1.046652
v -0.466971 0.105671 -1.049857
v -0.411428 0.093085 -1.067482
v -0.412572 0.104963 -1.070687
v 0.469184 0.118910 0.268792
v 0.463538 0.120163 0.275929
v 0.470634 0.118638 0.268646
v 0.474143 0.118093 0.270321
v 0.464759 0.120545 0.290642
v 0.458808 0.121307 0.283941
v 0.476966 0.117657 0.272142
v 0.479331 0.117385 0.275201
v 0.480934 0.117330 0.280008
v 0.480705 0.117657 0.286781
v 0.477729 0.118529 0.296468
v 0.466361 0.120381 0.293045
v 0.472846 0.119727 0.304844
v 0.462546 0.121307 0.299891
v 0.465293 0.121416 0.313366
v 0.456671 0.122561 0.305645
v 0.456442 0.123214 0.319848
v 0.449957 0.123923 0.310598
v 0.447897 0.124849 0.324291
v 0.444082 0.125121 0.314021
v 0.438894 0.126538 0.327641
v 0.441794 0.125503 0.314677
v 0.440420 0.125775 0.314313
v 0.435766 0.127137 0.328296
v 0.432333 0.127737 0.328515
v 0.439200 0.125884 0.312929
v 0.428671 0.128336 0.327932
v 0.425085 0.128935 0.326694
v 0.435003 0.126429 0.307320
v 0.422643 0.129317 0.325237
v 0.419973 0.129643 0.322615
v 0.418065 0.129807 0.318828
v 0.417455 0.129807 0.315551
v 0.418523 0.129480 0.312637
v 0.425695 0.128118 0.308923
v 0.432028 0.126865 0.306155
v 0.433401 0.126647 0.306082
v -0.561350 -0.821911 -0.802442
v -0.579814 -0.755659 0.000036
v -0.579814 -0.755659 -0.829682
v -0.612392 -0.597385 0.000036
v -0.612392 -0.597385 -0.877897
v -0.648404 -0.372913 0.000036
v -0.648404 -0.372913 -0.931284
v -0.684721 -0.088018 -0.193191
v -0.693266 -0.008145 -0.246505
v -0.684492 -0.077884 -0.181537
v -0.692274 -0.006129 -0.230991
v -0.677397 -0.074506 -0.168500
v -0.685942 -0.008091 -0.216861
v -0.636730 -0.027051 -0.128077
v -0.638791 0.047210 -0.137181
v -0.626125 -0.026670 -0.096176
v -0.627422 0.034461 -0.102950
v -0.620098 -0.021003 -0.063183
v -0.624065 0.011796 -0.066533
v -0.615825 -0.055165 -0.022032
v -0.620098 -0.021003 0.063183
v -0.615825 -0.055165 0.022032
v -0.617733 -0.037185 0.052040
v -0.623684 -0.083387 0.036235
v -0.624218 -0.055382 0.078551
v -0.639020 -0.107142 0.051894
v -0.636197 -0.067097 0.106373
v -0.668623 -0.128445 0.072870
v -0.677397 -0.074506 0.168500
v -0.677702 -0.137816 0.080517
v -0.684492 -0.077884 0.181537
v -0.678007 -0.151927 0.086490
v -0.684721 -0.088018 0.193191
v -0.648404 -0.372913 0.931284
v -0.612392 -0.597385 0.877897
v -0.678007 -0.151982 0.086271
v -0.676557 -0.164404 0.000036
v -0.678007 -0.151927 -0.086489
v -0.677702 -0.137816 -0.080517
v -0.668623 -0.128445 -0.072870
v -0.636197 -0.067097 -0.106373
v -0.624218 -0.055382 -0.078551
v -0.617733 -0.037185 -0.052039
v -0.676252 -0.149367 0.000036
v -0.666333 -0.138088 0.000036
v -0.640774 -0.116840 0.000036
v -0.623989 -0.089435 0.000036
v -0.615597 -0.060341 0.000036
v -0.623684 -0.083387 -0.036235
v -0.639020 -0.107142 -0.051894
v -0.579814 -0.755659 0.829682
v -0.638791 0.047210 0.137182
v -0.627422 0.034461 0.102950
v -0.636730 -0.027051 0.128077
v -0.626125 -0.026670 0.096177
v -0.624065 0.011796 0.066533
v -0.557001 0.087964 0.903680
v -0.558069 0.076086 0.905501
v -0.538690 0.088672 0.965297
v -0.539682 0.076794 0.967264
v -0.508400 0.088944 1.013294
v -0.509316 0.077067 1.015334
v -0.466056 0.088617 1.047745
v -0.466971 0.076794 1.049857
v -0.411809 0.087964 1.068575
v -0.412572 0.076086 1.070687
v 0.441794 0.125503 0.314677
v 0.444082 0.125121 0.314021
v 0.435690 0.090034 0.316133
v 0.437979 0.089598 0.315478
v 0.449957 0.123923 0.310598
v 0.443854 0.088454 0.312055
v 0.456671 0.122561 0.305645
v 0.450568 0.087092 0.307102
v 0.462546 0.121307 0.299891
v 0.456442 0.085839 0.301348
v 0.466361 0.120381 0.293045
v 0.460181 0.084913 0.294502
v -0.699064 0.047210 0.250292
v -0.685942 -0.008091 0.216862
v -0.692274 -0.006129 0.230991
v -0.699064 0.047210 -0.250292
v -0.678770 -0.148440 -0.976149
v -0.678770 -0.148440 0.976150
v -0.693266 -0.008145 0.246505
v -0.699064 0.047210 1.006157
v 0.469184 0.118910 0.268792
v 0.470634 0.118638 0.268646
v 0.463004 0.083387 0.270248
v 0.464454 0.083169 0.270103
v 0.474143 0.118093 0.270321
v 0.467963 0.082624 0.271778
v 0.476966 0.117657 0.272142
v 0.470862 0.082188 0.273599
v 0.427221 0.091124 0.307539
v 0.425848 0.091396 0.307539
v 0.433401 0.126647 0.306082
v 0.432028 0.126865 0.306155
v 0.419515 0.092595 0.310379
v 0.425695 0.128118 0.308923
v 0.412343 0.094011 0.314094
v 0.418523 0.129480 0.312637
v 0.411351 0.094229 0.314968
v 0.417531 0.129698 0.313511
v 0.433401 0.126647 0.306082
v 0.435003 0.126429 0.307320
v 0.427221 0.091124 0.307539
v 0.428823 0.090906 0.308777
v 0.439200 0.125884 0.312929
v 0.433020 0.090415 0.314385
v 0.440420 0.125775 0.314313
v 0.434240 0.090252 0.315769
v 0.441794 0.125503 0.314677
v 0.435690 0.090034 0.316133
v 0.413793 0.094175 0.324072
v 0.416463 0.093793 0.326694
v 0.419973 0.129643 0.322615
v 0.422643 0.129317 0.325237
v 0.418905 0.093412 0.328151
v 0.425085 0.128935 0.326694
v 0.422491 0.092867 0.329389
v 0.428671 0.128336 0.327932
v 0.426153 0.092268 0.329899
v 0.432333 0.127737 0.328515
v -0.558069 0.104963 0.905501
v -0.556467 0.093085 0.902806
v -0.539682 0.105671 0.967264
v -0.538156 0.093848 0.964350
v -0.509316 0.105998 1.015334
v -0.507866 0.094120 1.012275
v -0.466971 0.105671 1.049857
v -0.465598 0.093793 1.046652
v -0.412572 0.104963 1.070687
v -0.411428 0.093085 1.067482
v 0.426153 0.092268 0.329899
v 0.429586 0.091614 0.329753
v 0.432333 0.127737 0.328515
v 0.435766 0.127137 0.328296
v 0.432714 0.091069 0.329098
v 0.438894 0.126538 0.327641
v 0.441717 0.089380 0.325747
v 0.447897 0.124849 0.324291
v 0.450262 0.087691 0.321305
v 0.456442 0.123214 0.319848
v 0.459113 0.085893 0.314822
v 0.465293 0.121416 0.313366
v 0.374195 0.104963 1.070687
v 0.373051 0.093085 1.067482
v 0.428594 0.105671 1.049857
v 0.427221 0.093793 1.046652
v 0.470939 0.105998 1.015334
v 0.469489 0.094120 1.012275
v 0.501381 0.105671 0.967264
v 0.499779 0.093848 0.964350
v 0.519692 0.104963 0.905501
v 0.518090 0.093085 0.902806
v 0.373432 0.087964 1.068575
v 0.374195 0.076086 1.070687
v 0.427679 0.088617 1.047745
v 0.428594 0.076794 1.049857
v 0.470023 0.088944 1.013294
v 0.470939 0.077067 1.015334
v 0.500313 0.088672 0.965297
v 0.501381 0.076794 0.967264
v 0.518624 0.087964 0.903680
v 0.519692 0.076086 0.905501
v 0.459113 0.085893 0.314822
v 0.466742 0.084259 0.306301
v 0.465293 0.121416 0.313366
v 0.472846 0.119727 0.304844
v 0.471549 0.083060 0.297925
v 0.477729 0.118529 0.296468
v 0.474525 0.082134 0.288238
v 0.480705 0.117657 0.286781
v 0.474754 0.081807 0.281392
v 0.480934 0.117330 0.280008
v 0.419973 0.129643 0.322615
v 0.418065 0.129807 0.318828
v 0.413793 0.094175 0.324072
v 0.411885 0.094338 0.320285
v 0.417455 0.129807 0.315551
v 0.411351 0.094284 0.317007
v 0.417531 0.129698 0.313511
v 0.411351 0.094229 0.314968
v 0.476966 0.117657 0.272142
v 0.479331 0.117385 0.275201
v 0.470862 0.082188 0.273599
v 0.473151 0.081916 0.276658
v 0.480934 0.117330 0.280008
v 0.474754 0.081807 0.281392
v 0.466361 0.120381 0.293045
v 0.464759 0.120545 0.290642
v 0.460181 0.084913 0.294502
v 0.458655 0.085076 0.292098
v 0.458808 0.121307 0.283941
v 0.452628 0.085839 0.285398
v -0.487266 -0.885711 -0.776731
v -0.519311 -0.869312 -0.785982
v -0.475516 -0.885711 -0.811400
v -0.504585 -0.869312 -0.829609
v -0.457205 -0.885711 -0.836965
v -0.480781 -0.869312 -0.862821
v -0.431723 -0.885711 -0.855246
v -0.447592 -0.869312 -0.886564
v -0.397008 -0.885711 -0.866972
v -0.403951 -0.869312 -0.901350
v 0.358630 -0.885711 -0.866972
v 0.365574 -0.869312 -0.901350
v 0.393346 -0.885711 -0.855246
v 0.409215 -0.869312 -0.886564
v 0.418828 -0.885711 -0.836965
v 0.442404 -0.869312 -0.862821
v 0.437139 -0.885711 -0.811400
v 0.466208 -0.869312 -0.829609
v 0.448889 -0.885711 -0.776731
v 0.480934 -0.869312 -0.785982
v -0.546854 -0.844576 -0.793265
v -0.529534 -0.844576 -0.844685
v -0.500923 -0.844576 -0.884525
v -0.461097 -0.844576 -0.913076
v -0.409673 -0.844576 -0.930483
v 0.371296 -0.844576 -0.930483
v 0.422720 -0.844576 -0.913076
v 0.462546 -0.844576 -0.884525
v 0.491157 -0.844576 -0.844685
v 0.508477 -0.844576 -0.793265
v -0.561350 -0.821911 -0.802442
v -0.542886 -0.821911 -0.857140
v -0.512291 -0.821911 -0.899747
v -0.469718 -0.821911 -0.930337
v -0.415013 -0.821911 -0.948837
v 0.376637 -0.821911 -0.948837
v 0.431341 -0.821911 -0.930337
v 0.473914 -0.821911 -0.899747
v 0.504509 -0.821911 -0.857140
v 0.522973 -0.821911 -0.802442
v -0.579814 -0.755659 -0.829682
v -0.560663 -0.755659 -0.886273
v -0.529076 -0.755659 -0.930337
v -0.484977 -0.755659 -0.961947
v -0.428442 -0.755659 -0.981102
v -0.452246 -0.597385 -1.038058
v 0.390065 -0.755659 -0.981102
v 0.413869 -0.597385 -1.038058
v 0.446600 -0.755659 -0.961947
v 0.473685 -0.597385 -1.017883
v 0.520379 -0.597385 -0.984452
v 0.553110 -0.372913 -1.044248
v 0.588588 -0.372913 -0.994794
v 0.617885 -0.148440 -1.042719
v 0.640393 -0.148440 -0.976149
v 0.660687 0.047210 -1.006157
v -0.612392 -0.597385 -0.877897
v -0.592173 -0.597385 -0.937766
v -0.558679 -0.597385 -0.984452
v -0.512062 -0.597385 -1.017883
v -0.478492 -0.372913 -1.101131
v 0.440191 -0.372913 -1.101131
v 0.503670 -0.372913 -1.079718
v 0.580729 -0.148440 -1.094576
v 0.637494 0.047210 -1.074766
v -0.648404 -0.372913 -0.931284
v -0.626965 -0.372913 -0.994794
v -0.591487 -0.372913 -1.044248
v -0.542047 -0.372913 -1.079718
v -0.500694 -0.148440 -1.154227
v 0.462317 -0.148440 -1.154227
v 0.528847 -0.148440 -1.131721
v 0.599193 0.047210 -1.128225
v -0.678770 -0.148440 -0.976149
v -0.656262 -0.148440 -1.042719
v -0.619106 -0.148440 -1.094576
v -0.567225 -0.148440 -1.131721
v -0.515496 0.047210 -1.189769
v 0.477119 0.047210 -1.189769
v 0.545709 0.047210 -1.166608
v -0.699064 0.047210 -1.006157
v -0.675871 0.047210 -1.074766
v -0.637570 0.047210 -1.128225
v -0.584086 0.047210 -1.166608
v 0.541437 -0.755659 -0.829682
v 0.522286 -0.755659 -0.886273
v 0.574015 -0.597385 -0.877897
v 0.553796 -0.597385 -0.937766
v 0.610027 -0.372913 -0.931284
v 0.490699 -0.755659 -0.930337
v 0.545709 0.047210 -1.166608
v 0.547388 0.066606 -1.170032
v 0.601024 0.066552 -1.131576
v 0.546396 0.072871 -1.168211
v 0.599269 0.072871 -1.130338
v 0.543725 0.076086 -1.163040
v 0.594996 0.076086 -1.126259
v 0.653974 0.076086 -1.008997
v 0.543725 0.076086 1.163040
v 0.631695 0.076086 1.075057
v 0.594996 0.076086 1.126259
v 0.599269 0.072871 1.130338
v 0.546396 0.072871 1.168211
v 0.547388 0.066606 1.170032
v 0.478568 0.066606 1.193266
v 0.545709 0.047210 1.166609
v 0.477119 0.047210 1.189770
v -0.515496 0.047210 1.189770
v -0.516945 0.066606 1.193266
v -0.584086 0.047210 1.166609
v -0.585765 0.066606 1.170032
v -0.639401 0.066552 1.131576
v -0.584773 0.072871 1.168211
v -0.637646 0.072871 1.130338
v -0.582102 0.076086 1.163040
v -0.633374 0.076086 1.126259
v -0.516106 0.076086 1.185327
v 0.477729 0.076086 1.185327
v 0.478492 0.072871 1.191081
v -0.516869 0.072871 1.191081
v 0.599193 0.047210 -1.128225
v 0.639401 0.066552 -1.077970
v 0.637494 0.047210 -1.074766
v 0.662671 0.066552 -1.009143
v 0.660687 0.047210 -1.006157
v 0.660687 0.047210 1.006157
v 0.662671 0.066552 1.009143
v 0.660001 0.072817 -1.009580
v 0.660001 0.072817 1.009580
v 0.653974 0.076086 1.008997
v 0.637112 0.072817 1.077460
v 0.601024 0.066552 1.131576
v 0.599193 0.047210 1.128225
v 0.639401 0.066552 1.077970
v 0.637494 0.047210 1.074766
v 0.637112 0.072817 -1.077460
v 0.631695 0.076086 -1.075057
v 0.374195 0.076086 1.070687
v 0.373432 0.087964 1.068575
v 0.177503 0.076086 1.070687
v 0.177122 0.087964 1.068575
v -0.019189 0.076086 1.070687
v -0.019189 0.087964 1.068575
v -0.215880 0.076086 1.070687
v -0.215499 0.087964 1.068575
v -0.412572 0.076086 1.070687
v -0.411809 0.087964 1.068575
v 0.518090 0.093085 -0.902806
v 0.518090 0.093085 -0.451385
v 0.518090 0.093085 -0.000036
v 0.518090 0.093085 0.451385
v 0.518090 0.093085 0.902806
v 0.508477 -0.844576 -0.793265
v 0.508477 -0.844576 -0.517153
v 0.522973 -0.821911 -0.523126
v 0.522973 -0.821911 -0.802442
v 0.541437 -0.755659 -0.540897
v 0.541437 -0.755659 -0.829682
v 0.574015 -0.597385 -0.572361
v -0.670072 0.076086 1.075057
v -0.675489 0.072817 1.077460
v -0.677778 0.066552 1.077970
v -0.637570 0.047210 1.128225
v -0.698378 0.072817 1.009580
v -0.701048 0.066552 1.009143
v -0.675871 0.047210 1.074766
v -0.412572 0.076086 -1.070687
v -0.215880 0.076086 -1.070687
v -0.019189 0.076086 -1.070687
v 0.177503 0.076086 -1.070687
v 0.374195 0.076086 -1.070687
v 0.373051 0.093085 -1.067482
v 0.427221 0.093793 -1.046652
v 0.469489 0.094120 -1.012275
v 0.499779 0.093848 -0.964350
v 0.518090 0.093085 -0.902806
v 0.519692 0.104963 -0.905501
v 0.501381 0.105671 -0.967264
v 0.470939 0.105998 -1.015334
v 0.428594 0.105671 -1.049857
v 0.374195 0.104963 -1.070687
v 0.374195 0.076086 -1.070687
v 0.428594 0.076794 -1.049857
v 0.470939 0.077067 -1.015334
v 0.501381 0.076794 -0.967264
v 0.519692 0.076086 -0.905501
v 0.373051 0.093085 -1.067482
v 0.176893 0.093085 -1.067482
v -0.019189 0.093085 -1.067482
v -0.215270 0.093085 -1.067482
v -0.411428 0.093085 -1.067482
v 0.522973 -0.821911 0.523126
v 0.522973 -0.821911 -0.523126
v -0.556467 0.093085 0.902806
v -0.558069 0.104963 0.905501
v -0.556467 0.093085 0.451385
v -0.558069 0.104963 0.452769
v -0.556467 0.093085 -0.000036
v -0.558069 0.104963 -0.000036
v -0.556467 0.093085 -0.451385
v -0.558069 0.104963 -0.452769
v -0.556467 0.093085 -0.902806
v -0.558069 0.104963 -0.905501
v 0.519692 0.104963 -0.905501
v 0.519692 0.104963 -0.452769
v 0.519692 0.104963 -0.000036
v 0.519692 0.104963 0.452769
v 0.519692 0.104963 0.905501
v 0.518624 0.087964 0.903680
v 0.519692 0.076086 0.905501
v 0.518624 0.087964 0.451822
v 0.519692 0.076086 0.452769
v 0.518624 0.087964 -0.000036
v 0.519692 0.076086 -0.000036
v 0.518624 0.087964 -0.451822
v 0.519692 0.076086 -0.452769
v 0.518624 0.087964 -0.903680
v 0.519692 0.076086 -0.905501
v 0.592021 -0.485149 -0.589768
v 0.574015 -0.597385 -0.572361
v 0.541437 -0.755659 -0.540897
v 0.522973 -0.821911 -0.523126
v 0.373051 0.093085 1.067482
v 0.374195 0.104963 1.070687
v 0.176893 0.093085 1.067482
v 0.177503 0.104963 1.070687
v -0.019189 0.093085 1.067482
v -0.019189 0.104963 1.070687
v -0.215270 0.093085 1.067482
v -0.215880 0.104963 1.070687
v -0.411428 0.093085 1.067482
v -0.412572 0.104963 1.070687
v -0.558069 0.076086 0.905501
v -0.557001 0.087964 0.903680
v -0.558069 0.076086 0.452769
v -0.557001 0.087964 0.451822
v -0.558069 0.076086 -0.000036
v -0.557001 0.087964 -0.000036
v -0.558069 0.076086 -0.452769
v -0.557001 0.087964 -0.451822
v -0.558069 0.076086 -0.905501
v -0.557001 0.087964 -0.903680
v 0.854785 -0.858960 -0.408632
v 0.929022 -0.860812 -0.363038
v 0.854556 -0.868495 -0.408632
v 0.928793 -0.870292 -0.363038
v 1.026452 -0.863155 -0.346432
v 1.026223 -0.872635 -0.346432
v 1.226501 -0.868004 -0.346432
v 1.226272 -0.877484 -0.346432
v 0.522973 -0.821911 0.523126
v 0.541437 -0.755659 0.540897
v 0.574015 -0.597385 0.572361
v 0.592021 -0.485149 0.589768
v 0.125240 -0.390075 0.589768
v 0.366031 -0.804858 0.517154
v 0.338489 -0.829593 0.513512
v 0.366031 -0.804858 -0.517153
v 0.338489 -0.829593 -0.530263
v 0.508477 -0.844576 0.517154
v 0.508477 -0.844576 -0.517153
v 1.202925 -0.878792 0.541771
v 1.202925 -0.878792 -0.545850
v 0.592021 -0.485149 -0.589768
v 0.592021 -0.485149 0.589768
v 0.480934 -0.869312 0.513512
v 0.480934 -0.869312 -0.530263
v 0.374195 0.104963 -1.070687
v 0.177503 0.104963 -1.070687
v -0.019189 0.104963 -1.070687
v -0.215880 0.104963 -1.070687
v -0.412572 0.104963 -1.070687
v 0.338489 -0.829593 0.513512
v 0.480934 -0.869312 0.513512
v 0.817247 -0.867568 0.448690
v 0.437597 -0.855092 0.448690
v 0.458808 0.121307 0.283941
v 0.463538 0.120163 0.275929
v 0.452628 0.085839 0.285398
v 0.457358 0.084695 0.277386
v 0.469184 0.118910 0.268792
v 0.463004 0.083387 0.270248
v 0.480934 -0.869312 -0.530263
v 0.338489 -0.829593 -0.530263
v 0.519692 0.104963 -0.905501
v 0.374195 0.127355 -0.452769
v 0.519692 0.104963 -0.452769
v 0.374195 0.132204 -0.000036
v 0.519692 0.104963 -0.000036
v 0.374195 0.127355 0.452769
v 0.519692 0.104963 0.452769
v 0.374195 0.112753 0.905501
v 0.519692 0.104963 0.905501
v 0.501381 0.105671 0.967264
v 0.177503 0.146479 -0.452769
v 0.177503 0.155523 -0.000036
v 0.177503 0.146479 0.452769
v 0.177503 0.119401 0.905501
v 0.374195 0.104963 1.070687
v 0.177503 0.104963 1.070687
v -0.019189 0.152908 -0.452769
v -0.019189 0.163314 -0.000036
v -0.019189 0.152908 0.452769
v -0.019189 0.121580 0.905501
v -0.019189 0.104963 1.070687
v -0.215880 0.146479 -0.452769
v -0.215880 0.155523 -0.000036
v -0.215880 0.146479 0.452769
v -0.215880 0.119401 0.905501
v -0.215880 0.104963 1.070687
v -0.412572 0.127355 -0.452769
v -0.412572 0.132204 -0.000036
v -0.412572 0.127355 0.452769
v -0.412572 0.112753 0.905501
v -0.412572 0.104963 1.070687
v -0.558069 0.104963 -0.000036
v -0.558069 0.104963 0.452769
v -0.558069 0.104963 0.905501
v -0.539682 0.105671 0.967264
v -0.509316 0.105998 1.015334
v -0.466971 0.105671 1.049857
v -0.558069 0.104963 -0.452769
v -0.412572 0.112753 -0.905501
v -0.558069 0.104963 -0.905501
v -0.539682 0.105671 -0.967264
v -0.215880 0.119401 -0.905501
v -0.412572 0.104963 -1.070687
v -0.215880 0.104963 -1.070687
v -0.019189 0.121580 -0.905501
v -0.019189 0.104963 -1.070687
v 0.177503 0.119401 -0.905501
v 0.177503 0.104963 -1.070687
v 0.374195 0.112753 -0.905501
v 0.374195 0.104963 -1.070687
v 0.501381 0.105671 -0.967264
v 0.470939 0.105998 -1.015334
v 0.428594 0.105671 -1.049857
v 0.470939 0.105998 1.015334
v 0.428594 0.105671 1.049857
v -0.509316 0.105998 -1.015334
v -0.466971 0.105671 -1.049857
v 0.464301 0.120926 -0.262965
v 0.485816 0.117112 -0.300328
v 0.462317 0.121253 -0.279789
v 0.469718 0.119945 -0.291297
v 0.452780 0.122942 -0.291078
v -0.628948 0.181130 -0.477896
v -0.627117 0.184835 -0.474619
v -0.566767 0.171705 -0.465150
v -0.567530 0.175627 -0.457357
v -0.511299 0.153671 -0.459761
v -0.513131 0.158247 -0.457284
v -0.549295 0.166856 -0.253059
v -0.551584 0.171269 -0.253059
v -0.569895 0.172250 -0.044319
v -0.572642 0.176499 -0.044319
v -0.569895 0.172250 0.165150
v -0.572642 0.176499 0.165150
v -0.549295 0.166856 0.373963
v -0.551584 0.171269 0.373963
v -0.511299 0.153671 0.580591
v -0.513131 0.158247 0.578188
v -0.566767 0.171705 0.584015
v -0.567530 0.175627 0.578188
v -0.628948 0.181130 0.598800
v -0.627117 0.184835 0.595522
v -0.673200 0.180531 0.384888
v -0.671445 0.184454 0.384378
v -0.693953 0.177153 0.168864
v -0.692579 0.181403 0.168646
v -0.693953 0.177153 -0.047961
v -0.692579 0.181403 -0.047815
v -0.673200 0.180531 -0.264057
v -0.671445 0.184454 -0.263547
v -0.667097 0.186742 -0.262673
v -0.623302 0.186851 -0.469156
v -0.568522 0.178079 -0.453351
v -0.517632 0.161898 -0.453278
v -0.556086 0.174538 -0.253059
v -0.577525 0.179550 -0.044319
v -0.577525 0.179550 0.165150
v -0.556086 0.174538 0.373963
v -0.517632 0.161898 0.574182
v -0.568522 0.178079 0.574255
v -0.623302 0.186851 0.590060
v -0.667097 0.186742 0.383504
v -0.688612 0.184127 0.168354
v -0.688612 0.184127 -0.047524
v -0.611019 0.185653 0.373963
v -0.633450 0.187669 0.165150
v -0.633450 0.187669 -0.044319
v -0.611019 0.185653 -0.253059
v -0.699064 0.047210 1.006157
v -0.699064 0.047210 -1.006157
v 0.221984 -0.506833 0.422543
v 0.221984 -0.506833 -0.422543
v 0.221679 -0.508250 -0.422543
v -1.028436 0.574447 0.497415
v -1.180647 0.780776 0.495668
v -1.028436 0.574447 -0.386272
v -1.006157 0.587359 -0.371632
v 0.437597 -0.855092 -0.510526
v 0.817247 -0.867568 -0.510526
v 0.817476 -0.858088 -0.510526
v 0.437826 -0.845611 -0.510526
v 0.817247 -0.867568 0.510526
v 0.437597 -0.855092 0.510526
v 0.437826 -0.845611 0.510526
v 0.817476 -0.858088 0.510526
v 0.417531 0.129698 0.313511
# num_vertices: 1442

vt 0.315094 0.255917
vt 0.316649 0.261923
vt 0.058408 0.255917
vt 0.274326 0.261082
vt 0.101806 0.261683
vt 0.056853 0.261803
vt 0.101209 0.267810
vt 0.055658 0.267930
vt 0.100252 0.272255
vt 0.054223 0.272375
vt 0.097383 0.283668
vt 0.049800 0.283668
vt 0.092122 0.310219
vt 0.041789 0.310339
vt 0.089373 0.328960
vt 0.086503 0.347702
vt 0.283651 0.328840
vt 0.286520 0.347582
vt 0.331354 0.310339
vt 0.339962 0.347702
vt 0.347374 0.384945
vt 0.025649 0.385065
vt 0.033062 0.347702
vt 0.352276 0.417382
vt 0.020747 0.417502
vt 0.056614 0.014079
vt 0.389936 0.010835
vt 0.055299 0.022729
vt 0.389936 0.015160
vt 0.390175 0.015040
vt 0.390295 0.014800
vt 0.390175 0.015040
vt 0.390175 0.015160
vt 0.390415 0.014559
vt 0.348092 0.655856
vt 0.348331 0.654895
vt 0.358971 0.655856
vt 0.358971 0.654775
vt 0.368894 0.655736
vt 0.368775 0.654655
vt 0.378698 0.655736
vt 0.378459 0.654534
vt 0.389219 0.655496
vt 0.388741 0.654414
vt 0.174616 0.664025
vt 0.174736 0.662944
vt 0.211798 0.664025
vt 0.211798 0.662944
vt 0.248980 0.664025
vt 0.248980 0.662944
vt 0.286042 0.664025
vt 0.286162 0.662944
vt 0.323224 0.664025
vt 0.323105 0.662944
vt 0.647101 0.649489
vt 0.647101 0.808912
vt 0.629885 0.649489
vt 0.629885 0.808912
vt 0.610995 0.649489
vt 0.610995 0.808912
vt 0.590432 0.649489
vt 0.590432 0.808912
vt 0.568314 0.649489
vt 0.568314 0.808912
vt 0.544642 0.649489
vt 0.544642 0.808912
vt 0.519296 0.649489
vt 0.519296 0.808912
vt 0.492276 0.649489
vt 0.492276 0.808912
vt 0.671730 0.226723
vt 0.671371 0.227083
vt 0.697793 0.233090
vt 0.697554 0.233451
vt 0.725291 0.237295
vt 0.725171 0.237535
vt 0.754343 0.239217
vt 0.754223 0.239578
vt 0.784710 0.239097
vt 0.784710 0.239458
vt 0.816632 0.236815
vt 0.816632 0.237055
vt 0.849988 0.232249
vt 0.849988 0.232610
vt 0.884659 0.225522
vt 0.884779 0.225882
vt 0.491081 0.977465
vt 0.491081 0.818042
vt 0.508297 0.977465
vt 0.508297 0.818042
vt 0.527187 0.977465
vt 0.527187 0.818042
vt 0.547631 0.977465
vt 0.547631 0.818042
vt 0.569749 0.977465
vt 0.569749 0.818042
vt 0.593421 0.977465
vt 0.593421 0.818042
vt 0.618767 0.977465
vt 0.618767 0.818042
vt 0.645786 0.977465
vt 0.645786 0.818042
vt 0.488809 0.010835
vt 0.617093 0.010835
vt 0.487255 0.016722
vt 0.617093 0.016722
vt 0.486059 0.022849
vt 0.617093 0.022849
vt 0.617093 0.027294
vt 0.748126 0.022849
vt 0.749680 0.027294
vt 0.746931 0.016722
vt 0.745376 0.010835
vt 0.439433 0.071745
vt 0.439433 0.026573
vt 0.449356 0.090366
vt 0.449356 0.007952
vt 0.668621 0.220596
vt 0.668621 0.220836
vt 0.703412 0.227324
vt 0.703412 0.227564
vt 0.736649 0.231769
vt 0.736768 0.232129
vt 0.768570 0.234172
vt 0.768570 0.234412
vt 0.798937 0.234292
vt 0.799057 0.234652
vt 0.827990 0.232249
vt 0.828109 0.232610
vt 0.855487 0.228165
vt 0.855727 0.228405
vt 0.881670 0.221797
vt 0.881909 0.222158
vt 0.490842 0.818042
vt 0.490842 0.977465
vt 0.130858 0.694300
vt 0.118903 0.700547
vt 0.127989 0.689014
vt 0.116631 0.695381
vt 0.111012 0.702710
vt 0.102045 0.708236
vt 0.104795 0.699947
vt 0.091166 0.708236
vt 0.116034 0.705233
vt 0.115077 0.725536
vt 0.110414 0.714964
vt 0.127391 0.712922
vt 0.129663 0.707996
vt 0.934992 0.384704
vt 0.947785 0.384704
vt 0.934992 0.647086
vt 0.947785 0.647086
vt 0.962610 0.384704
vt 0.962610 0.647086
vt 0.974924 0.384704
vt 0.974924 0.647086
vt 0.982695 0.384704
vt 0.982695 0.647086
vt 0.419706 0.646245
vt 0.419706 0.621737
vt 0.432737 0.646245
vt 0.432737 0.621737
vt 0.457844 0.613808
vt 0.457844 0.589299
vt 0.463344 0.613808
vt 0.463344 0.589299
vt 0.375709 0.738150
vt 0.375709 0.713762
vt 0.389339 0.738150
vt 0.389339 0.713762
vt 0.400218 0.646245
vt 0.400218 0.621737
vt 0.416239 0.646245
vt 0.416239 0.621737
vt 0.374872 0.707996
vt 0.374872 0.683488
vt 0.385513 0.707996
vt 0.385513 0.683488
vt 0.424847 0.613808
vt 0.424847 0.589299
vt 0.454377 0.613808
vt 0.454377 0.589299
vt 0.436324 0.646245
vt 0.436324 0.621737
vt 0.448519 0.646245
vt 0.448519 0.621737
vt 0.399979 0.614408
vt 0.399979 0.589900
vt 0.420304 0.614408
vt 0.420304 0.589900
vt 0.406674 0.677361
vt 0.406674 0.652973
vt 0.418391 0.677361
vt 0.418391 0.652973
vt 0.351200 0.738150
vt 0.351200 0.713762
vt 0.372242 0.738150
vt 0.372242 0.713762
vt 0.427716 0.677361
vt 0.427716 0.652973
vt 0.321909 0.738150
vt 0.321909 0.713762
vt 0.500167 0.615249
vt 0.500167 0.590741
vt 0.517383 0.615249
vt 0.517383 0.590741
vt 0.396631 0.677361
vt 0.396631 0.652973
vt 0.537588 0.614889
vt 0.537588 0.590381
vt 0.548109 0.614889
vt 0.548109 0.590381
vt 0.433933 0.737790
vt 0.433933 0.713282
vt 0.446965 0.737790
vt 0.446965 0.713282
vt 0.107784 0.840989
vt 0.107784 0.733225
vt 0.196375 0.840989
vt 0.196375 0.733225
vt 0.425444 0.737430
vt 0.425444 0.712922
vt 0.431542 0.737430
vt 0.431542 0.712922
vt 0.393762 0.738391
vt 0.393762 0.713883
vt 0.407152 0.738391
vt 0.407152 0.713883
vt 0.027203 0.697664
vt 0.045615 0.697664
vt 0.027203 0.699706
vt 0.045615 0.699706
vt 0.027203 0.672555
vt 0.045615 0.672555
vt 0.084949 0.713282
vt 0.066657 0.713282
vt 0.084949 0.684088
vt 0.066657 0.684088
vt 0.027203 0.724815
vt 0.045615 0.724815
vt 0.283531 0.935777
vt 0.012618 0.923523
vt 0.283651 0.924244
vt 0.012737 0.911990
vt 0.225666 0.687452
vt 0.231286 0.687452
vt 0.225666 0.713042
vt 0.231286 0.713042
vt 0.209526 0.687452
vt 0.209526 0.713042
vt 0.231286 0.671354
vt 0.225666 0.671354
vt 0.247306 0.713042
vt 0.247306 0.687452
vt 0.225666 0.729140
vt 0.231286 0.729140
vt 0.185974 0.686371
vt 0.191593 0.686371
vt 0.185974 0.711960
vt 0.191593 0.711960
vt 0.169953 0.686371
vt 0.169953 0.711960
vt 0.191593 0.670273
vt 0.185974 0.670273
vt 0.207733 0.711960
vt 0.207733 0.686371
vt 0.185974 0.728059
vt 0.191593 0.728059
vt 0.354070 0.687572
vt 0.354070 0.693099
vt 0.328485 0.687572
vt 0.328485 0.693099
vt 0.354070 0.671474
vt 0.328485 0.671474
vt 0.370210 0.693099
vt 0.370210 0.687572
vt 0.328485 0.709197
vt 0.354070 0.709197
vt 0.312464 0.687572
vt 0.312464 0.693099
vt 0.294770 0.696222
vt 0.294531 0.701508
vt 0.285444 0.695742
vt 0.285205 0.701028
vt 0.279945 0.700667
vt 0.284607 0.710399
vt 0.279347 0.710038
vt 0.280184 0.695381
vt 0.270500 0.700187
vt 0.270859 0.694901
vt 0.280662 0.686011
vt 0.285923 0.686371
vt 0.286759 0.671234
vt 0.281499 0.670993
vt 0.300508 0.696583
vt 0.300987 0.687212
vt 0.265598 0.685290
vt 0.265120 0.694661
vt 0.278510 0.725176
vt 0.283771 0.725416
vt 0.254958 0.708717
vt 0.270022 0.709558
vt 0.254479 0.718087
vt 0.269543 0.718928
vt 0.308519 0.721091
vt 0.293455 0.720250
vt 0.309116 0.711720
vt 0.294052 0.710879
vt 0.295607 0.681205
vt 0.286281 0.680604
vt 0.309595 0.702349
vt 0.309834 0.697063
vt 0.255436 0.699346
vt 0.281021 0.680364
vt 0.271695 0.679884
vt 0.255794 0.694060
vt 0.210005 0.855525
vt 0.211559 0.855405
vt 0.209048 0.856967
vt 0.211439 0.856486
vt 0.207494 0.859970
vt 0.211081 0.860331
vt 0.301345 0.855766
vt 0.301226 0.856847
vt 0.300867 0.860691
vt 0.339005 0.855766
vt 0.338886 0.856847
vt 0.339603 0.855886
vt 0.339603 0.856967
vt 0.208809 0.841830
vt 0.208570 0.841229
vt 0.209287 0.842070
vt 0.210602 0.812396
vt 0.210602 0.842070
vt 0.325017 0.842070
vt 0.208570 0.812396
vt 0.208570 0.743677
vt 0.210602 0.743677
vt 0.208570 0.742475
vt 0.210602 0.742475
vt 0.325017 0.812396
vt 0.325017 0.743677
vt 0.327050 0.812396
vt 0.327050 0.841229
vt 0.326333 0.842070
vt 0.017759 0.733225
vt 0.106350 0.733225
vt 0.017759 0.840989
vt 0.106350 0.840989
vt 0.107306 0.858889
vt 0.107306 0.861412
vt 0.103719 0.858889
vt 0.103719 0.861412
vt 0.014291 0.861412
vt 0.464300 0.868500
vt 0.464300 0.869341
vt 0.078613 0.868500
vt 0.078613 0.869341
vt 0.342473 0.854564
vt 0.432020 0.854564
vt 0.342473 0.857087
vt 0.432020 0.857087
vt 0.435607 0.854564
vt 0.435607 0.857087
vt 0.328963 0.742596
vt 0.329561 0.742355
vt 0.328724 0.743076
vt 0.330756 0.742355
vt 0.330756 0.772029
vt 0.445291 0.742355
vt 0.445291 0.772029
vt 0.446486 0.742355
vt 0.447204 0.743076
vt 0.446965 0.742596
vt 0.445291 0.840989
vt 0.330756 0.840989
vt 0.445291 0.842791
vt 0.330756 0.842791
vt 0.482234 0.865497
vt 0.482234 0.866338
vt 0.013335 0.863815
vt 0.013335 0.864656
vt 0.303139 0.862734
vt 0.303378 0.858889
vt 0.305649 0.862974
vt 0.306008 0.859129
vt 0.013335 0.871984
vt 0.013335 0.871143
vt 0.482234 0.874387
vt 0.482234 0.873546
vt 0.325017 0.742475
vt 0.327050 0.742475
vt 0.327050 0.743677
vt 0.204385 0.858649
vt 0.204385 0.854804
vt 0.206896 0.858649
vt 0.207016 0.854804
vt 0.399979 0.861532
vt 0.397588 0.862133
vt 0.401414 0.858529
vt 0.397947 0.858288
vt 0.307801 0.863094
vt 0.308160 0.859250
vt 0.147357 0.852522
vt 0.148075 0.852522
vt 0.147357 0.853603
vt 0.148075 0.853603
vt 0.149629 0.852522
vt 0.149629 0.853603
vt 0.298715 0.853243
vt 0.298715 0.854324
vt 0.300389 0.853243
vt 0.300389 0.854324
vt 0.300987 0.853243
vt 0.300987 0.854324
vt 0.145803 0.854564
vt 0.145205 0.854564
vt 0.145683 0.853483
vt 0.145086 0.853483
vt 0.107426 0.854324
vt 0.107426 0.853243
vt 0.017639 0.853963
vt 0.017639 0.852882
vt 0.107067 0.849398
vt 0.017280 0.849038
vt 0.016085 0.853723
vt 0.015248 0.852282
vt 0.013813 0.849278
vt 0.348809 0.646966
vt 0.348690 0.646125
vt 0.359091 0.646966
vt 0.359091 0.646125
vt 0.368775 0.646846
vt 0.368655 0.646005
vt 0.378459 0.646725
vt 0.378459 0.645885
vt 0.389219 0.646605
vt 0.389219 0.645764
vt 0.325615 0.663064
vt 0.325615 0.662223
vt 0.335897 0.663064
vt 0.335897 0.662223
vt 0.345581 0.663064
vt 0.345581 0.662223
vt 0.355385 0.663064
vt 0.355385 0.662223
vt 0.366025 0.663184
vt 0.366025 0.662223
vt 0.110414 0.856967
vt 0.200201 0.856366
vt 0.110773 0.860811
vt 0.200440 0.860211
vt 0.202473 0.856847
vt 0.204027 0.859850
vt 0.388741 0.653693
vt 0.378459 0.653693
vt 0.368775 0.653814
vt 0.358971 0.653934
vt 0.348331 0.654054
vt 0.882148 0.034022
vt 0.883703 0.068141
vt 0.876410 0.033541
vt 0.877844 0.068261
vt 0.884539 0.102380
vt 0.878442 0.102380
vt 0.884539 0.136620
vt 0.878442 0.136620
vt 0.883703 0.170979
vt 0.877844 0.170739
vt 0.882268 0.204978
vt 0.876410 0.205819
vt 0.829185 0.214709
vt 0.830500 0.208102
vt 0.834565 0.216992
vt 0.839586 0.208342
vt 0.845445 0.218674
vt 0.848792 0.208702
vt 0.850944 0.172901
vt 0.841738 0.172901
vt 0.851542 0.137340
vt 0.842814 0.137340
vt 0.851542 0.101779
vt 0.842814 0.101779
vt 0.841738 0.066219
vt 0.832054 0.066219
vt 0.830500 0.030898
vt 0.832891 0.101779
vt 0.832891 0.137340
vt 0.832054 0.172781
vt 0.869356 0.033421
vt 0.870910 0.067780
vt 0.862780 0.033421
vt 0.863019 0.068021
vt 0.871627 0.102260
vt 0.863259 0.102380
vt 0.863259 0.136620
vt 0.871627 0.136740
vt 0.863019 0.171099
vt 0.870910 0.171339
vt 0.862780 0.205579
vt 0.869356 0.205699
vt 0.025051 0.654534
vt 0.025051 0.654534
vt 0.105274 0.654655
vt 0.105274 0.654655
vt 0.185735 0.654655
vt 0.185735 0.654655
vt 0.266076 0.654655
vt 0.266076 0.654655
vt 0.346059 0.654655
vt 0.346059 0.654655
vt 0.835163 0.014920
vt 0.841021 0.011916
vt 0.834565 0.021888
vt 0.845445 0.020326
vt 0.839586 0.030658
vt 0.848792 0.030418
vt 0.850944 0.066219
vt 0.829305 0.024290
vt 0.840902 0.227083
vt 0.835043 0.224080
vt 0.346059 0.646605
vt 0.346059 0.646605
vt 0.265957 0.646966
vt 0.265957 0.646966
vt 0.185615 0.646966
vt 0.185615 0.646966
vt 0.105274 0.646846
vt 0.105274 0.646846
vt 0.025051 0.646605
vt 0.025051 0.646605
vt 0.346896 0.638796
vt 0.346896 0.637955
vt 0.357537 0.638676
vt 0.357537 0.637835
vt 0.367340 0.638676
vt 0.367340 0.637715
vt 0.377024 0.638556
vt 0.377024 0.637715
vt 0.387306 0.638436
vt 0.387306 0.637595
vt 0.174736 0.662103
vt 0.211798 0.662103
vt 0.248980 0.662103
vt 0.286162 0.662103
vt 0.323105 0.662103
vt 0.590073 0.440208
vt 0.608246 0.444173
vt 0.587084 0.453904
vt 0.605257 0.457869
vt 0.418510 0.453904
vt 0.400338 0.457869
vt 0.415521 0.440208
vt 0.397349 0.444173
vt 0.578117 0.463515
vt 0.571901 0.481055
vt 0.574411 0.451141
vt 0.565086 0.481055
vt 0.440509 0.481055
vt 0.431183 0.451141
vt 0.433694 0.481055
vt 0.427477 0.463515
vt 0.431183 0.436844
vt 0.574411 0.436844
vt 0.173420 0.662343
vt 0.173420 0.663305
vt 0.136358 0.662343
vt 0.136358 0.663184
vt 0.099176 0.662343
vt 0.099176 0.663184
vt 0.061994 0.662343
vt 0.061994 0.663184
vt 0.025051 0.662343
vt 0.025051 0.663305
vt 0.972413 0.672555
vt 0.972413 0.792213
vt 0.689424 0.672555
vt 0.689424 0.792213
vt 0.702097 0.803986
vt 0.830978 0.803986
vt 0.716444 0.827413
vt 0.945394 0.827413
vt 0.721704 0.858048
vt 0.830978 0.858048
vt 0.721704 0.921121
vt 0.940133 0.921121
vt 0.940133 0.858048
vt 0.841260 0.244143
vt 0.845923 0.249549
vt 0.835761 0.248708
vt 0.839228 0.254835
vt 0.830381 0.251592
vt 0.832772 0.258199
vt 0.824403 0.253394
vt 0.825957 0.260242
vt 0.817469 0.254715
vt 0.818066 0.261323
vt 0.691217 0.254595
vt 0.690620 0.261323
vt 0.684283 0.253394
vt 0.682729 0.260242
vt 0.678305 0.251592
vt 0.675795 0.258199
vt 0.672925 0.248708
vt 0.669339 0.254835
vt 0.667426 0.244263
vt 0.662644 0.249549
vt 0.850586 0.255076
vt 0.842575 0.260722
vt 0.835043 0.264446
vt 0.827272 0.266609
vt 0.818545 0.267690
vt 0.690141 0.267690
vt 0.681294 0.266609
vt 0.673523 0.264446
vt 0.665991 0.260722
vt 0.658100 0.255076
vt 0.852977 0.260001
vt 0.844369 0.265407
vt 0.836358 0.269132
vt 0.828229 0.271414
vt 0.819023 0.272496
vt 0.689663 0.272375
vt 0.680457 0.271294
vt 0.672208 0.269132
vt 0.664317 0.265407
vt 0.655709 0.260001
vt 0.856324 0.272856
vt 0.847238 0.277662
vt 0.838989 0.281025
vt 0.830500 0.283188
vt 0.820936 0.284389
vt 0.824881 0.311661
vt 0.687631 0.284389
vt 0.683805 0.311661
vt 0.678186 0.283188
vt 0.673643 0.310459
vt 0.664556 0.308537
vt 0.658579 0.346861
vt 0.648775 0.344218
vt 0.643395 0.382422
vt 0.632037 0.379178
vt 0.627135 0.412336
vt 0.863139 0.301449
vt 0.853216 0.305534
vt 0.844130 0.308537
vt 0.835043 0.310459
vt 0.829305 0.349624
vt 0.679381 0.349504
vt 0.668502 0.348543
vt 0.653677 0.384704
vt 0.638972 0.415460
vt 0.870551 0.340614
vt 0.859911 0.344218
vt 0.850107 0.346861
vt 0.840184 0.348543
vt 0.833130 0.387227
vt 0.675556 0.387227
vt 0.664078 0.386266
vt 0.649851 0.417742
vt 0.876649 0.379178
vt 0.865291 0.382422
vt 0.855009 0.384704
vt 0.844608 0.386266
vt 0.835761 0.419905
vt 0.672925 0.419905
vt 0.660850 0.419184
vt 0.881551 0.412336
vt 0.869715 0.415460
vt 0.858835 0.417742
vt 0.847836 0.419184
vt 0.669697 0.281025
vt 0.661328 0.277662
vt 0.652242 0.272856
vt 0.655470 0.305534
vt 0.645547 0.301449
vt 0.638135 0.340614
vt 0.959740 0.803986
vt 0.689424 0.792092
vt 0.702097 0.803866
vt 0.689424 0.672435
vt 0.959740 0.803866
vt 0.945394 0.827293
vt 0.716444 0.827293
vt 0.721704 0.858048
vt 0.940133 0.858048
vt 0.940133 0.921121
vt 0.721704 0.921121
vt 0.277793 0.958964
vt 0.277912 0.970497
vt 0.135163 0.963409
vt 0.135282 0.974942
vt 0.065581 0.965572
vt 0.065700 0.977105
vt 0.012618 0.967254
vt 0.012737 0.978787
vt 0.012737 0.910308
vt 0.012618 0.898775
vt 0.283651 0.897934
vt 0.283531 0.886401
vt 0.055180 0.022729
vt 0.390175 0.015400
vt 0.055060 0.022729
vt 0.044061 0.023329
vt 0.043583 0.022488
vt 0.034975 0.028615
vt 0.034257 0.027895
vt 0.027801 0.036905
vt 0.024812 0.035463
vt 0.024932 0.048438
vt 0.021584 0.048078
vt 0.023258 0.214949
vt 0.026486 0.214589
vt 0.025410 0.048558
vt 0.027084 0.214349
vt 0.026008 0.048799
vt 0.027682 0.214229
vt 0.029714 0.037866
vt 0.035692 0.029456
vt 0.028758 0.037386
vt 0.424249 0.992002
vt 0.012618 0.992002
vt 0.424249 0.980469
vt 0.012618 0.980469
vt 0.285444 0.924364
vt 0.285325 0.912831
vt 0.319040 0.924244
vt 0.319040 0.912711
vt 0.351559 0.923523
vt 0.351559 0.911990
vt 0.055180 0.021407
vt 0.043343 0.021527
vt 0.055180 0.019966
vt 0.042387 0.018524
vt 0.055060 0.016482
vt 0.031986 0.025252
vt 0.351559 0.898775
vt 0.317844 0.898655
vt 0.351559 0.887242
vt 0.317844 0.887122
vt 0.285325 0.897934
vt 0.285444 0.886401
vt 0.626418 0.505924
vt 0.793916 0.505924
vt 0.623429 0.516856
vt 0.796785 0.516856
vt 0.618408 0.542806
vt 0.801807 0.542806
vt 0.804557 0.560947
vt 0.860987 0.649368
vt 0.854770 0.637235
vt 0.863019 0.644082
vt 0.858476 0.635072
vt 0.852857 0.622698
vt 0.856922 0.624139
vt 0.855607 0.609723
vt 0.859074 0.614408
vt 0.862302 0.602154
vt 0.864095 0.608762
vt 0.879757 0.602154
vt 0.881670 0.607440
vt 0.873182 0.614048
vt 0.876768 0.616331
vt 0.870671 0.628585
vt 0.874855 0.627263
vt 0.872943 0.641560
vt 0.876529 0.636994
vt 0.879399 0.649368
vt 0.881311 0.642881
vt 0.894343 0.384704
vt 0.900201 0.384704
vt 0.894343 0.647086
vt 0.900201 0.647086
vt 0.909407 0.384704
vt 0.909407 0.647086
vt 0.920406 0.384704
vt 0.920406 0.647086
vt 0.930090 0.384704
vt 0.930090 0.647086
vt 0.366264 0.664145
vt 0.366264 0.666188
vt 0.355385 0.664145
vt 0.355385 0.666188
vt 0.345462 0.664145
vt 0.345581 0.666188
vt 0.335658 0.664145
vt 0.335897 0.666188
vt 0.325137 0.664145
vt 0.325376 0.666068
vt 0.325017 0.661262
vt 0.325376 0.659340
vt 0.335538 0.661262
vt 0.335897 0.659220
vt 0.345342 0.661262
vt 0.345581 0.659220
vt 0.355385 0.661382
vt 0.355385 0.659220
vt 0.366264 0.661382
vt 0.366264 0.659340
vt 0.160987 0.723494
vt 0.160389 0.717246
vt 0.160389 0.724214
vt 0.157878 0.725055
vt 0.152737 0.710759
vt 0.158835 0.711119
vt 0.155607 0.725656
vt 0.152976 0.725296
vt 0.149987 0.723734
vt 0.146879 0.720370
vt 0.143651 0.714243
vt 0.150824 0.710278
vt 0.142097 0.707876
vt 0.149390 0.705233
vt 0.141619 0.699947
vt 0.149509 0.699586
vt 0.142934 0.692498
vt 0.150466 0.693940
vt 0.144966 0.686251
vt 0.151661 0.689374
vt 0.147716 0.680244
vt 0.152498 0.687933
vt 0.153335 0.687452
vt 0.148911 0.678442
vt 0.150585 0.676640
vt 0.154650 0.687572
vt 0.152618 0.675078
vt 0.154889 0.673997
vt 0.159313 0.688173
vt 0.156802 0.673516
vt 0.159313 0.673516
vt 0.162063 0.674357
vt 0.163975 0.675679
vt 0.164812 0.677601
vt 0.163139 0.682887
vt 0.161345 0.687332
vt 0.160628 0.688053
vt 0.484625 0.027294
vt 0.617093 0.038707
vt 0.480082 0.038707
vt 0.617093 0.065378
vt 0.472071 0.065378
vt 0.617093 0.102981
vt 0.463344 0.102861
vt 0.585171 0.150435
vt 0.576324 0.163651
vt 0.587204 0.152117
vt 0.578954 0.164011
vt 0.589595 0.152838
vt 0.581585 0.163771
vt 0.597844 0.161488
vt 0.596170 0.173141
vt 0.602866 0.161608
vt 0.601550 0.170859
vt 0.607767 0.162569
vt 0.607170 0.167495
vt 0.613865 0.157644
vt 0.626418 0.162689
vt 0.620321 0.157644
vt 0.624744 0.160287
vt 0.622353 0.153439
vt 0.628690 0.157524
vt 0.624864 0.149354
vt 0.632994 0.155481
vt 0.628929 0.144068
vt 0.644591 0.152838
vt 0.630363 0.142146
vt 0.646982 0.152117
vt 0.631439 0.139743
vt 0.649014 0.150435
vt 0.770961 0.102861
vt 0.762114 0.065378
vt 0.631320 0.139743
vt 0.617093 0.137581
vt 0.602866 0.139743
vt 0.603822 0.142026
vt 0.605257 0.144068
vt 0.601192 0.155481
vt 0.605615 0.157524
vt 0.609441 0.160287
vt 0.617093 0.140104
vt 0.617093 0.142506
vt 0.617093 0.147672
vt 0.617093 0.152478
vt 0.617093 0.156923
vt 0.611832 0.153439
vt 0.609322 0.149354
vt 0.754104 0.038707
vt 0.638015 0.173262
vt 0.632515 0.170979
vt 0.636461 0.161488
vt 0.631320 0.161728
vt 0.627016 0.167615
vt 0.348331 0.645044
vt 0.348450 0.643121
vt 0.358852 0.644923
vt 0.358971 0.643001
vt 0.368536 0.644923
vt 0.368655 0.642881
vt 0.378459 0.644803
vt 0.378459 0.642761
vt 0.389458 0.644683
vt 0.389458 0.642761
vt 0.430705 0.678922
vt 0.432379 0.678922
vt 0.430705 0.652973
vt 0.432379 0.652973
vt 0.437281 0.678922
vt 0.437281 0.652973
vt 0.443019 0.678922
vt 0.443019 0.652973
vt 0.448280 0.678922
vt 0.448280 0.652973
vt 0.452464 0.678922
vt 0.452464 0.652973
vt 0.658579 0.172661
vt 0.652720 0.163651
vt 0.655351 0.163891
vt 0.575607 0.172661
vt 0.455931 0.140344
vt 0.778374 0.140344
vt 0.657861 0.163530
vt 0.783276 0.172781
vt 0.016683 0.725536
vt 0.017759 0.725536
vt 0.016683 0.699346
vt 0.017759 0.699346
vt 0.020269 0.725536
vt 0.020269 0.699346
vt 0.022302 0.725536
vt 0.022302 0.699346
vt 0.422575 0.713883
vt 0.421858 0.713883
vt 0.422575 0.738991
vt 0.421858 0.738991
vt 0.417195 0.713883
vt 0.417195 0.738991
vt 0.411576 0.713883
vt 0.411576 0.738991
vt 0.410739 0.713883
vt 0.410739 0.738991
vt 0.015726 0.694420
vt 0.017041 0.694420
vt 0.015726 0.669432
vt 0.017041 0.669432
vt 0.021704 0.694420
vt 0.021704 0.669432
vt 0.023019 0.694420
vt 0.023019 0.669432
vt 0.023975 0.694420
vt 0.023975 0.669432
vt 0.570585 0.589780
vt 0.567955 0.589780
vt 0.570585 0.615249
vt 0.567955 0.615249
vt 0.565923 0.589780
vt 0.565923 0.615249
vt 0.563532 0.589780
vt 0.563532 0.615249
vt 0.561260 0.589780
vt 0.561260 0.615249
vt 0.348570 0.649969
vt 0.348211 0.647927
vt 0.359091 0.649849
vt 0.358732 0.647927
vt 0.368775 0.649849
vt 0.368536 0.647807
vt 0.378579 0.649729
vt 0.378459 0.647687
vt 0.389458 0.649489
vt 0.389458 0.647446
vt 0.491559 0.589299
vt 0.489048 0.589299
vt 0.491559 0.614889
vt 0.489048 0.614889
vt 0.486777 0.589299
vt 0.486777 0.614889
vt 0.480201 0.589299
vt 0.480201 0.614889
vt 0.473865 0.589299
vt 0.473865 0.614889
vt 0.467289 0.589299
vt 0.467289 0.614889
vt 0.346657 0.641680
vt 0.346657 0.639637
vt 0.357656 0.641680
vt 0.357537 0.639637
vt 0.367340 0.641560
vt 0.367579 0.639517
vt 0.377024 0.641560
vt 0.377383 0.639517
vt 0.387545 0.641319
vt 0.387904 0.639397
vt 0.346657 0.636874
vt 0.346538 0.634832
vt 0.357537 0.636754
vt 0.357537 0.634712
vt 0.367460 0.636634
vt 0.367340 0.634712
vt 0.377263 0.636634
vt 0.377024 0.634592
vt 0.387784 0.636514
vt 0.387545 0.634592
vt 0.430346 0.683488
vt 0.422216 0.683488
vt 0.430346 0.708837
vt 0.422216 0.708837
vt 0.415521 0.683488
vt 0.415521 0.708837
vt 0.409065 0.683488
vt 0.409065 0.708837
vt 0.405359 0.683488
vt 0.405359 0.708837
vt 0.551576 0.615490
vt 0.554206 0.615490
vt 0.551576 0.590381
vt 0.554206 0.590381
vt 0.556597 0.615490
vt 0.556597 0.590381
vt 0.557913 0.615490
vt 0.557913 0.590381
vt 0.397588 0.707876
vt 0.400099 0.707876
vt 0.397588 0.683127
vt 0.400099 0.683127
vt 0.403566 0.707876
vt 0.403566 0.683127
vt 0.387784 0.708116
vt 0.389697 0.708116
vt 0.387784 0.683488
vt 0.389697 0.683488
vt 0.395795 0.708116
vt 0.395795 0.683488
vt 0.576324 0.247267
vt 0.581106 0.252553
vt 0.570944 0.251712
vt 0.574411 0.257839
vt 0.565564 0.254595
vt 0.567955 0.261203
vt 0.559586 0.256517
vt 0.561141 0.263245
vt 0.552652 0.257719
vt 0.553250 0.264326
vt 0.426401 0.257719
vt 0.425803 0.264326
vt 0.419467 0.256397
vt 0.417912 0.263245
vt 0.413489 0.254595
vt 0.410978 0.261203
vt 0.407989 0.251712
vt 0.404522 0.257839
vt 0.402490 0.247267
vt 0.397827 0.252553
vt 0.585769 0.258079
vt 0.577759 0.263726
vt 0.570227 0.267450
vt 0.562456 0.269612
vt 0.553728 0.270694
vt 0.425325 0.270694
vt 0.416478 0.269612
vt 0.408707 0.267450
vt 0.401175 0.263726
vt 0.393164 0.258079
vt 0.588041 0.263005
vt 0.579433 0.268411
vt 0.571542 0.272135
vt 0.563412 0.274418
vt 0.554206 0.275499
vt 0.424727 0.275499
vt 0.415521 0.274298
vt 0.407392 0.272135
vt 0.399501 0.268411
vt 0.390893 0.263005
vt 0.591508 0.275859
vt 0.582421 0.280665
vt 0.574053 0.284029
vt 0.565564 0.286191
vt 0.556119 0.287393
vt 0.560064 0.314664
vt 0.422814 0.287393
vt 0.418988 0.314664
vt 0.413369 0.286191
vt 0.408826 0.313463
vt 0.399620 0.311540
vt 0.393762 0.349864
vt 0.383959 0.347221
vt 0.378579 0.385425
vt 0.367221 0.382182
vt 0.362319 0.415340
vt 0.598203 0.304452
vt 0.588399 0.308537
vt 0.579313 0.311540
vt 0.570107 0.313463
vt 0.564488 0.352628
vt 0.414565 0.352628
vt 0.403566 0.351546
vt 0.388860 0.387708
vt 0.374155 0.418463
vt 0.605735 0.343617
vt 0.594975 0.347221
vt 0.585291 0.349864
vt 0.575368 0.351546
vt 0.568314 0.390231
vt 0.410739 0.390231
vt 0.399262 0.389270
vt 0.385035 0.420746
vt 0.611832 0.382182
vt 0.600474 0.385425
vt 0.590073 0.387708
vt 0.579791 0.389390
vt 0.570944 0.422908
vt 0.408109 0.422908
vt 0.396034 0.422188
vt 0.616734 0.415340
vt 0.604898 0.418463
vt 0.594018 0.420746
vt 0.583019 0.422188
vt 0.387426 0.275859
vt 0.396512 0.280785
vt 0.380731 0.304452
vt 0.390654 0.308537
vt 0.373318 0.343617
vt 0.404881 0.284029
vt 0.026845 0.227564
vt 0.029834 0.226002
vt 0.036648 0.235013
vt 0.030790 0.225522
vt 0.037246 0.234172
vt 0.031747 0.225041
vt 0.037963 0.233331
vt 0.056973 0.243062
vt 0.418032 0.221197
vt 0.403566 0.236094
vt 0.411815 0.229847
vt 0.412532 0.230688
vt 0.418869 0.221797
vt 0.419825 0.222278
vt 0.422814 0.210745
vt 0.422934 0.223720
vt 0.426042 0.210985
vt 0.424249 0.043993
vt 0.420901 0.044354
vt 0.420662 0.031499
vt 0.417673 0.032940
vt 0.411337 0.023930
vt 0.416836 0.033421
vt 0.410500 0.024651
vt 0.415880 0.033902
vt 0.409783 0.025492
vt 0.419825 0.044714
vt 0.421619 0.210384
vt 0.422216 0.210625
vt 0.420423 0.044594
vt 0.034496 0.237656
vt 0.045974 0.241019
vt 0.045017 0.244023
vt 0.056375 0.244263
vt 0.056136 0.245705
vt 0.393045 0.240178
vt 0.393403 0.238497
vt 0.056614 0.243662
vt 0.393284 0.237656
vt 0.393045 0.236935
vt 0.403805 0.236935
vt 0.413250 0.231529
vt 0.415402 0.234172
vt 0.404044 0.237656
vt 0.404642 0.240659
vt 0.046213 0.240058
vt 0.046572 0.239217
vt 0.173660 0.659340
vt 0.173540 0.661262
vt 0.136358 0.659220
vt 0.136358 0.661262
vt 0.099176 0.659220
vt 0.099176 0.661262
vt 0.061994 0.659220
vt 0.062114 0.661262
vt 0.024812 0.659340
vt 0.024932 0.661262
vt 0.345820 0.647807
vt 0.265718 0.648167
vt 0.185615 0.648167
vt 0.105513 0.648047
vt 0.025291 0.647807
vt 0.317725 0.267930
vt 0.272054 0.267210
vt 0.273130 0.271775
vt 0.319159 0.272375
vt 0.275880 0.283188
vt 0.323583 0.283668
vt 0.280901 0.309979
vt 0.401294 0.019365
vt 0.401892 0.018404
vt 0.402251 0.017443
vt 0.413608 0.021407
vt 0.390415 0.014079
vt 0.390773 0.012877
vt 0.403685 0.014319
vt 0.174496 0.665948
vt 0.211798 0.666068
vt 0.248980 0.666068
vt 0.286162 0.666068
vt 0.323344 0.665948
vt 0.348092 0.653213
vt 0.358971 0.652973
vt 0.368894 0.652852
vt 0.378698 0.652732
vt 0.389339 0.652732
vt 0.388980 0.650690
vt 0.378459 0.650690
vt 0.368775 0.650810
vt 0.358971 0.650930
vt 0.348092 0.651050
vt 0.348092 0.657898
vt 0.358971 0.657898
vt 0.368775 0.657778
vt 0.378579 0.657658
vt 0.389099 0.657538
vt 0.323105 0.661142
vt 0.286042 0.661142
vt 0.248980 0.661142
vt 0.211798 0.661142
vt 0.174736 0.661142
vt 0.626299 0.429636
vt 0.793916 0.429636
vt 0.025291 0.653333
vt 0.024812 0.651291
vt 0.105513 0.653333
vt 0.105274 0.651291
vt 0.185735 0.653453
vt 0.185735 0.651291
vt 0.265837 0.653333
vt 0.266076 0.651291
vt 0.345820 0.653453
vt 0.346298 0.651291
vt 0.346298 0.649849
vt 0.266076 0.650330
vt 0.185615 0.650330
vt 0.105274 0.650209
vt 0.024812 0.649849
vt 0.025171 0.645284
vt 0.024812 0.643121
vt 0.105393 0.645524
vt 0.105274 0.643362
vt 0.185615 0.645644
vt 0.185615 0.643602
vt 0.265837 0.645644
vt 0.265957 0.643482
vt 0.345940 0.645284
vt 0.346298 0.643121
vt 0.879518 0.546530
vt 0.876768 0.528269
vt 0.871747 0.502440
vt 0.868878 0.491507
vt 0.173420 0.664145
vt 0.173660 0.666188
vt 0.136239 0.664145
vt 0.136358 0.666188
vt 0.099176 0.664145
vt 0.099176 0.666188
vt 0.062114 0.664145
vt 0.061994 0.666188
vt 0.025051 0.664145
vt 0.024812 0.666188
vt 0.024812 0.658018
vt 0.025051 0.655856
vt 0.105274 0.658018
vt 0.105513 0.655976
vt 0.185735 0.658018
vt 0.185735 0.655976
vt 0.266076 0.658018
vt 0.265837 0.655976
vt 0.346298 0.658018
vt 0.345940 0.655856
vt 0.277793 0.957282
vt 0.224829 0.955600
vt 0.277912 0.945749
vt 0.224949 0.944067
vt 0.155248 0.953558
vt 0.155367 0.942025
vt 0.012618 0.949113
vt 0.012737 0.937580
vt 0.551576 0.491267
vt 0.548587 0.502199
vt 0.543446 0.528149
vt 0.540696 0.546290
vt 0.615658 0.560947
vt 0.617691 0.207501
vt 0.617093 0.211946
vt 0.449953 0.207501
vt 0.447801 0.211946
vt 0.617691 0.184194
vt 0.449953 0.184194
vt 0.989510 0.384704
vt 0.989510 0.647086
vt 0.804557 0.637355
vt 0.615658 0.637355
vt 0.617093 0.235013
vt 0.447801 0.235013
vt 0.323344 0.659100
vt 0.286162 0.659100
vt 0.248980 0.659100
vt 0.211798 0.659100
vt 0.174496 0.659100
vt 0.622712 0.210865
vt 0.622712 0.187318
vt 0.972413 0.792092
vt 0.972413 0.672435
vt 0.520970 0.614889
vt 0.527306 0.614889
vt 0.520970 0.590381
vt 0.527306 0.590381
vt 0.533643 0.614889
vt 0.533643 0.590381
vt 0.444932 0.187318
vt 0.444932 0.210865
vt 0.352994 0.425792
vt 0.277434 0.453303
vt 0.277554 0.425551
vt 0.201994 0.453303
vt 0.201994 0.425431
vt 0.126554 0.453303
vt 0.126435 0.425551
vt 0.050995 0.453303
vt 0.050876 0.425792
vt 0.040594 0.429276
vt 0.277315 0.490666
vt 0.201994 0.490666
vt 0.126674 0.490666
vt 0.050995 0.490546
vt 0.023378 0.453303
vt 0.023378 0.490546
vt 0.277315 0.527789
vt 0.201994 0.527789
vt 0.126674 0.527789
vt 0.050995 0.527789
vt 0.023378 0.527789
vt 0.277315 0.565032
vt 0.201994 0.565032
vt 0.126554 0.565032
vt 0.050995 0.565032
vt 0.023378 0.565032
vt 0.277434 0.602395
vt 0.201994 0.602395
vt 0.126554 0.602395
vt 0.050995 0.602274
vt 0.023378 0.602395
vt 0.201994 0.630267
vt 0.126435 0.630146
vt 0.050876 0.629906
vt 0.040594 0.626422
vt 0.032583 0.620656
vt 0.026845 0.612606
vt 0.277554 0.630146
vt 0.352994 0.602274
vt 0.352994 0.629906
vt 0.363275 0.626422
vt 0.352874 0.565032
vt 0.380491 0.602274
vt 0.380611 0.565032
vt 0.352874 0.527789
vt 0.380611 0.527789
vt 0.352874 0.490546
vt 0.380611 0.490546
vt 0.352994 0.453303
vt 0.380491 0.453303
vt 0.363275 0.429276
vt 0.371286 0.435042
vt 0.377024 0.443092
vt 0.032583 0.435042
vt 0.026845 0.443092
vt 0.371286 0.620656
vt 0.377024 0.612606
vt 0.092122 0.688173
vt 0.118186 0.674598
vt 0.103480 0.690095
vt 0.111490 0.685290
vt 0.110773 0.696943
vt 0.805513 0.209904
vt 0.805872 0.209063
vt 0.816153 0.207741
vt 0.815795 0.206300
vt 0.825957 0.206780
vt 0.825240 0.206300
vt 0.819501 0.172661
vt 0.818664 0.172661
vt 0.815914 0.138301
vt 0.815077 0.138301
vt 0.815914 0.103822
vt 0.815077 0.103822
vt 0.819501 0.069462
vt 0.818664 0.069462
vt 0.825957 0.035343
vt 0.825240 0.035944
vt 0.816153 0.034622
vt 0.815795 0.035824
vt 0.805513 0.032340
vt 0.805872 0.033061
vt 0.797742 0.067540
vt 0.798459 0.067780
vt 0.794275 0.103221
vt 0.794992 0.103221
vt 0.794275 0.138902
vt 0.794992 0.138902
vt 0.797742 0.174583
vt 0.798459 0.174463
vt 0.799296 0.174223
vt 0.806469 0.208102
vt 0.815556 0.205579
vt 0.824283 0.205579
vt 0.817708 0.172661
vt 0.814121 0.138301
vt 0.814121 0.103822
vt 0.817708 0.069462
vt 0.824283 0.036545
vt 0.815556 0.036545
vt 0.806469 0.034022
vt 0.799296 0.067901
vt 0.795709 0.103341
vt 0.795709 0.138782
vt 0.808502 0.069462
vt 0.804915 0.103822
vt 0.804915 0.138301
vt 0.808502 0.172661
vt 0.391730 0.009393
vt 0.451029 0.172781
vt 0.671849 0.242581
vt 0.878562 0.242581
vt 0.878562 0.242221
vt 0.447204 0.772029
vt 0.326811 0.841830
vt 0.328724 0.772029
vt 0.014291 0.858889
vt 0.669936 0.672435
vt 0.669936 0.792092
vt 0.669936 0.792213
vt 0.669936 0.672555
vt 0.991901 0.792092
vt 0.991901 0.672435
vt 0.991901 0.672555
vt 0.991901 0.792213
vt 0.164932 0.676640
# num_vertices: 1442


g Object_TexMap

usemtl TexMap

f 1/1 2/2 3/3
f 2/2 4/4 3/3
f 3/3 4/4 5/5
f 3/3 5/5 6/6
f 5/5 7/7 6/6
f 6/6 7/7 8/8
f 7/7 9/9 8/8
f 8/8 9/9 10/10
f 9/9 11/11 10/10
f 10/10 11/11 12/12
f 11/11 13/13 12/12
f 12/12 13/13 14/14
f 13/13 15/15 14/14
f 14/14 15/15 16/16
f 15/15 17/17 16/16
f 16/16 17/17 18/18
f 17/17 19/19 18/18
f 18/18 19/19 20/20
f 20/20 21/21 18/18
f 21/21 22/22 18/18
f 18/18 22/22 16/16
f 22/22 23/23 16/16
f 16/16 23/23 14/14
f 21/21 24/24 22/22
f 24/24 25/25 22/22
f 26/26 27/27 28/28
f 27/27 29/29 28/28
f 28/28 29/29 30/30
f 29/29 31/31 30/30
f 30/30 31/31 32/32
f 31/31 33/33 32/32
f 33/33 31/31 34/34
f 31/31 29/29 34/34
f 34/34 29/29 27/27
f 35/35 36/36 37/37
f 36/36 38/38 37/37
f 37/37 38/38 39/39
f 38/38 40/40 39/39
f 39/39 40/40 41/41
f 40/40 42/42 41/41
f 41/41 42/42 43/43
f 42/42 44/44 43/43
f 45/45 46/46 47/47
f 46/46 48/48 47/47
f 47/47 48/48 49/49
f 48/48 50/50 49/49
f 49/49 50/50 51/51
f 50/50 52/52 51/51
f 51/51 52/52 53/53
f 52/52 54/54 53/53
f 55/55 56/56 57/57
f 56/56 58/58 57/57
f 57/57 58/58 59/59
f 58/58 60/60 59/59
f 59/59 60/60 61/61
f 60/60 62/62 61/61
f 61/61 62/62 63/63
f 62/62 64/64 63/63
f 63/63 64/64 65/65
f 64/64 66/66 65/65
f 65/65 66/66 67/67
f 66/66 68/68 67/67
f 67/67 68/68 69/69
f 68/68 70/70 69/69
f 71/71 72/72 73/73
f 72/72 74/74 73/73
f 73/73 74/74 75/75
f 74/74 76/76 75/75
f 75/75 76/76 77/77
f 76/76 78/78 77/77
f 77/77 78/78 79/79
f 78/78 80/80 79/79
f 79/79 80/80 81/81
f 80/80 82/82 81/81
f 81/81 82/82 83/83
f 82/82 84/84 83/83
f 83/83 84/84 85/85
f 84/84 86/86 85/85
f 87/87 88/88 89/89
f 88/88 90/90 89/89
f 89/89 90/90 91/91
f 90/90 92/92 91/91
f 91/91 92/92 93/93
f 92/92 94/94 93/93
f 93/93 94/94 95/95
f 94/94 96/96 95/95
f 95/95 96/96 97/97
f 96/96 98/98 97/97
f 97/97 98/98 99/99
f 98/98 100/100 99/99
f 99/99 100/100 101/101
f 100/100 102/102 101/101
f 103/103 104/104 105/105
f 104/104 106/106 105/105
f 105/105 106/106 107/107
f 106/106 108/108 107/107
f 107/107 108/108 109/109
f 108/108 110/110 109/109
f 109/109 110/110 111/111
f 110/110 108/108 112/112
f 108/108 106/106 112/112
f 112/112 106/106 113/113
f 106/106 104/104 113/113
f 114/114 115/115 116/116
f 115/115 117/117 116/116
f 118/118 119/119 120/120
f 119/119 121/121 120/120
f 120/120 121/121 122/122
f 121/121 123/123 122/122
f 122/122 123/123 124/124
f 123/123 125/125 124/124
f 124/124 125/125 126/126
f 125/125 127/127 126/126
f 126/126 127/127 128/128
f 127/127 129/129 128/128
f 128/128 129/129 130/130
f 129/129 131/131 130/130
f 130/130 131/131 132/132
f 131/131 133/133 132/132
f 88/88 87/87 134/134
f 87/87 135/135 134/134
f 136/136 137/137 138/138
f 137/137 139/139 138/138
f 137/137 140/140 139/139
f 140/140 141/141 139/139
f 139/139 141/141 142/142
f 141/141 143/143 142/142
f 137/137 144/144 140/140
f 144/144 145/145 140/140
f 140/140 145/145 146/146
f 145/145 143/143 146/146
f 146/146 143/143 141/141
f 144/144 137/137 147/147
f 137/137 148/148 147/147
f 149/149 150/150 151/151
f 150/150 152/152 151/151
f 150/150 153/153 152/152
f 153/153 154/154 152/152
f 153/153 155/155 154/154
f 155/155 156/156 154/154
f 155/155 157/157 156/156
f 157/157 158/158 156/156
f 159/159 160/160 161/161
f 160/160 162/162 161/161
f 163/163 164/164 165/165
f 164/164 166/166 165/165
f 167/167 168/168 169/169
f 168/168 170/170 169/169
f 171/171 172/172 173/173
f 172/172 174/174 173/173
f 175/175 176/176 177/177
f 176/176 178/178 177/177
f 179/179 180/180 181/181
f 180/180 182/182 181/181
f 183/183 184/184 185/185
f 184/184 186/186 185/185
f 187/187 188/188 189/189
f 188/188 190/190 189/189
f 191/191 192/192 193/193
f 192/192 194/194 193/193
f 195/195 196/196 197/197
f 196/196 198/198 197/197
f 193/193 194/194 199/199
f 194/194 200/200 199/199
f 201/201 202/202 195/195
f 202/202 196/196 195/195
f 203/203 204/204 205/205
f 204/204 206/206 205/205
f 207/207 208/208 191/191
f 208/208 192/192 191/191
f 209/209 210/210 211/211
f 210/210 212/212 211/211
f 213/213 214/214 215/215
f 214/214 216/216 215/215
f 217/217 218/218 219/219
f 218/218 220/220 219/219
f 221/221 222/222 223/223
f 222/222 224/224 223/223
f 225/225 226/226 227/227
f 226/226 228/228 227/227
f 229/229 230/230 231/231
f 230/230 232/232 231/231
f 233/233 234/234 229/229
f 234/234 230/230 229/229
f 235/235 236/236 237/237
f 236/236 238/238 237/237
f 231/231 232/232 239/239
f 232/232 240/240 239/239
f 241/241 242/242 243/243
f 242/242 244/244 243/243
f 245/245 246/246 247/247
f 246/246 248/248 247/247
f 249/249 245/245 250/250
f 245/245 247/247 250/250
f 251/251 246/246 252/252
f 246/246 245/245 252/252
f 253/253 248/248 254/254
f 248/248 246/246 254/254
f 255/255 247/247 256/256
f 247/247 248/248 256/256
f 257/257 258/258 259/259
f 258/258 260/260 259/259
f 261/261 257/257 262/262
f 257/257 259/259 262/262
f 263/263 258/258 264/264
f 258/258 257/257 264/264
f 265/265 260/260 266/266
f 260/260 258/258 266/266
f 267/267 259/259 268/268
f 259/259 260/260 268/268
f 269/269 270/270 271/271
f 270/270 272/272 271/271
f 273/273 269/269 274/274
f 269/269 271/271 274/274
f 275/275 270/270 276/276
f 270/270 269/269 276/276
f 277/277 272/272 278/278
f 272/272 270/270 278/278
f 279/279 271/271 280/280
f 271/271 272/272 280/280
f 281/281 282/282 283/283
f 282/282 284/284 283/283
f 283/283 284/284 285/285
f 284/284 286/286 285/285
f 285/285 286/286 287/287
f 283/283 285/285 288/288
f 285/285 289/289 288/288
f 288/288 289/289 290/290
f 288/288 291/291 283/283
f 291/291 292/292 283/283
f 293/293 292/292 294/294
f 292/292 291/291 294/294
f 295/295 283/283 296/296
f 283/283 292/292 296/296
f 297/297 291/291 298/298
f 291/291 288/288 298/298
f 299/299 287/287 300/300
f 287/287 286/286 300/300
f 301/301 302/302 303/303
f 302/302 304/304 303/303
f 305/305 306/306 307/307
f 306/306 308/308 307/307
f 309/309 281/281 310/310
f 281/281 283/283 310/310
f 311/311 282/282 312/312
f 282/282 281/281 312/312
f 307/307 308/308 311/311
f 308/308 282/282 311/311
f 313/313 289/289 301/301
f 289/289 302/302 301/301
f 314/314 288/288 315/315
f 288/288 290/290 315/315
f 316/316 290/290 313/313
f 290/290 289/289 313/313
f 317/317 318/318 319/319
f 318/318 320/320 319/319
f 319/319 320/320 321/321
f 320/320 322/322 321/321
f 318/318 323/323 320/320
f 323/323 324/324 320/320
f 320/320 324/324 322/322
f 324/324 325/325 322/322
f 323/323 326/326 324/324
f 326/326 327/327 324/324
f 326/326 328/328 327/327
f 328/328 329/329 327/327
f 330/330 331/331 332/332
f 331/331 333/333 332/332
f 332/332 333/333 334/334
f 333/333 335/335 334/334
f 331/331 336/336 333/333
f 336/336 337/337 333/333
f 333/333 337/337 338/338
f 337/337 339/339 338/338
f 338/338 339/339 340/340
f 338/338 341/341 333/333
f 341/341 335/335 333/333
f 338/338 342/342 341/341
f 342/342 343/343 341/341
f 341/341 343/343 344/344
f 341/341 344/344 335/335
f 344/344 345/345 335/335
f 346/346 347/347 348/348
f 347/347 349/349 348/348
f 350/350 351/351 352/352
f 351/351 353/353 352/352
f 352/352 353/353 354/354
f 355/355 356/356 357/357
f 356/356 358/358 357/357
f 359/359 360/360 361/361
f 360/360 362/362 361/361
f 360/360 363/363 362/362
f 363/363 364/364 362/362
f 365/365 366/366 367/367
f 366/366 368/368 367/367
f 367/367 368/368 369/369
f 368/368 370/370 369/369
f 369/369 370/370 371/371
f 370/370 372/372 371/371
f 371/371 372/372 373/373
f 372/372 374/374 373/373
f 371/371 375/375 369/369
f 375/375 376/376 369/369
f 375/375 377/377 376/376
f 377/377 378/378 376/376
f 379/379 380/380 381/381
f 380/380 382/382 381/381
f 383/383 384/384 385/385
f 384/384 386/386 385/385
f 387/387 388/388 389/389
f 388/388 390/390 389/389
f 340/340 391/391 338/338
f 391/391 342/342 338/338
f 391/391 392/392 342/342
f 392/392 393/393 342/342
f 342/342 393/393 343/343
f 394/394 395/395 396/396
f 395/395 397/397 396/396
f 398/398 399/399 400/400
f 399/399 401/401 400/400
f 399/399 402/402 401/401
f 402/402 403/403 401/401
f 404/404 405/405 406/406
f 405/405 407/407 406/406
f 405/405 408/408 407/407
f 408/408 409/409 407/407
f 408/408 410/410 409/409
f 410/410 411/411 409/409
f 410/410 412/412 411/411
f 412/412 413/413 411/411
f 412/412 414/414 413/413
f 414/414 415/415 413/413
f 416/416 417/417 418/418
f 417/417 419/419 418/418
f 417/417 420/420 419/419
f 420/420 421/421 419/419
f 420/420 422/422 421/421
f 422/422 423/423 421/421
f 421/421 423/423 424/424
f 423/423 425/425 424/424
f 422/422 426/426 423/423
f 426/426 427/427 423/423
f 423/423 427/427 425/425
f 427/427 428/428 425/425
f 429/429 430/430 431/431
f 430/430 432/432 431/431
f 431/431 432/432 433/433
f 432/432 434/434 433/433
f 433/433 434/434 435/435
f 434/434 436/436 435/435
f 435/435 436/436 437/437
f 436/436 438/438 437/437
f 439/439 440/440 441/441
f 440/440 442/442 441/441
f 441/441 442/442 443/443
f 442/442 444/444 443/443
f 443/443 444/444 445/445
f 444/444 446/446 445/445
f 445/445 446/446 447/447
f 446/446 448/448 447/447
f 449/449 450/450 451/451
f 450/450 452/452 451/451
f 450/450 453/453 452/452
f 453/453 454/454 452/452
f 230/230 238/238 232/232
f 238/238 236/236 232/232
f 455/455 44/44 456/456
f 44/44 42/42 456/456
f 456/456 42/42 457/457
f 42/42 40/40 457/457
f 457/457 40/40 458/458
f 40/40 38/38 458/458
f 458/458 38/38 459/459
f 38/38 36/36 459/459
f 460/460 461/461 462/462
f 461/461 463/463 462/462
f 461/461 464/464 463/463
f 464/464 465/465 463/463
f 464/464 466/466 465/465
f 466/466 467/467 465/465
f 466/466 468/468 467/467
f 468/468 469/469 467/467
f 468/468 470/470 469/469
f 470/470 471/471 469/469
f 472/472 473/473 474/474
f 473/473 475/475 474/474
f 474/474 475/475 476/476
f 475/475 477/477 476/476
f 477/477 475/475 478/478
f 475/475 479/479 478/478
f 478/478 479/479 480/480
f 479/479 481/481 480/480
f 480/480 481/481 482/482
f 481/481 483/483 482/482
f 482/482 483/483 484/484
f 483/483 485/485 484/484
f 484/484 485/485 486/486
f 485/485 483/483 487/487
f 483/483 481/481 487/487
f 487/487 481/481 488/488
f 481/481 479/479 488/488
f 488/488 479/479 489/489
f 479/479 475/475 489/489
f 489/489 475/475 473/473
f 490/490 491/491 492/492
f 491/491 493/493 492/492
f 491/491 494/494 493/493
f 494/494 495/495 493/493
f 495/495 494/494 496/496
f 494/494 497/497 496/496
f 496/496 497/497 498/498
f 497/497 499/499 498/498
f 498/498 499/499 500/500
f 499/499 501/501 500/500
f 502/502 503/503 504/504
f 503/503 505/505 504/504
f 504/504 505/505 506/506
f 505/505 507/507 506/506
f 506/506 507/507 508/508
f 507/507 509/509 508/508
f 508/508 509/509 510/510
f 509/509 511/511 510/510
f 512/512 513/513 514/514
f 513/513 515/515 514/514
f 514/514 515/515 516/516
f 515/515 517/517 516/516
f 516/516 517/517 484/484
f 517/517 518/518 484/484
f 484/484 518/518 482/482
f 484/484 486/486 516/516
f 486/486 519/519 516/516
f 516/516 519/519 514/514
f 476/476 520/520 474/474
f 520/520 521/521 474/474
f 490/490 462/462 491/491
f 462/462 463/463 491/491
f 491/491 463/463 494/494
f 463/463 465/465 494/494
f 494/494 465/465 497/497
f 465/465 467/467 497/497
f 497/497 467/467 499/499
f 467/467 469/469 499/499
f 499/499 469/469 501/501
f 469/469 471/471 501/501
f 522/522 523/523 524/524
f 523/523 525/525 524/524
f 524/524 525/525 526/526
f 525/525 527/527 526/526
f 526/526 527/527 528/528
f 527/527 529/529 528/528
f 528/528 529/529 530/530
f 529/529 531/531 530/530
f 532/532 533/533 534/534
f 533/533 535/535 534/534
f 534/534 535/535 536/536
f 535/535 537/537 536/536
f 536/536 537/537 538/538
f 537/537 539/539 538/538
f 538/538 539/539 540/540
f 539/539 541/541 540/540
f 46/46 542/542 48/48
f 542/542 543/543 48/48
f 48/48 543/543 50/50
f 543/543 544/544 50/50
f 50/50 544/544 52/52
f 544/544 545/545 52/52
f 52/52 545/545 54/54
f 545/545 546/546 54/54
f 547/547 548/548 549/549
f 548/548 550/550 549/549
f 551/551 552/552 553/553
f 552/552 554/554 553/553
f 555/555 556/556 557/557
f 556/556 558/558 557/557
f 557/557 558/558 559/559
f 557/557 559/559 560/560
f 559/559 561/561 560/560
f 560/560 561/561 562/562
f 553/553 563/563 551/551
f 563/563 560/560 551/551
f 563/563 564/564 560/560
f 564/564 557/557 560/560
f 564/564 547/547 557/557
f 547/547 549/549 557/557
f 565/565 566/566 567/567
f 566/566 568/568 567/567
f 567/567 568/568 569/569
f 568/568 570/570 569/569
f 569/569 570/570 571/571
f 570/570 572/572 571/571
f 571/571 572/572 573/573
f 572/572 574/574 573/573
f 575/575 576/576 577/577
f 576/576 578/578 577/577
f 578/578 576/576 579/579
f 576/576 580/580 579/579
f 579/579 580/580 581/581
f 580/580 582/582 581/581
f 581/581 582/582 583/583
f 582/582 584/584 583/583
f 583/583 584/584 585/585
f 584/584 586/586 585/585
f 586/586 584/584 587/587
f 584/584 582/582 587/587
f 588/588 589/589 590/590
f 589/589 591/591 590/590
f 590/590 591/591 592/592
f 591/591 593/593 592/592
f 592/592 593/593 594/594
f 593/593 595/595 594/594
f 594/594 595/595 596/596
f 595/595 597/597 596/596
f 596/596 597/597 598/598
f 597/597 599/599 598/598
f 598/598 599/599 600/600
f 599/599 601/601 600/600
f 600/600 601/601 602/602
f 601/601 603/603 602/602
f 602/602 603/603 604/604
f 603/603 605/605 604/604
f 604/604 605/605 606/606
f 605/605 607/607 606/606
f 589/589 608/608 591/591
f 608/608 609/609 591/591
f 591/591 609/609 593/593
f 609/609 610/610 593/593
f 593/593 610/610 595/595
f 610/610 611/611 595/595
f 595/595 611/611 597/597
f 611/611 612/612 597/597
f 597/597 612/612 599/599
f 612/612 613/613 599/599
f 599/599 613/613 601/601
f 613/613 614/614 601/601
f 601/601 614/614 603/603
f 614/614 615/615 603/603
f 603/603 615/615 605/605
f 615/615 616/616 605/605
f 605/605 616/616 607/607
f 616/616 617/617 607/607
f 608/608 618/618 609/609
f 618/618 619/619 609/609
f 609/609 619/619 610/610
f 619/619 620/620 610/610
f 610/610 620/620 611/611
f 620/620 621/621 611/611
f 611/611 621/621 612/612
f 621/621 622/622 612/612
f 612/612 622/622 613/613
f 622/622 623/623 613/613
f 613/613 623/623 614/614
f 623/623 624/624 614/614
f 614/614 624/624 615/615
f 624/624 625/625 615/615
f 615/615 625/625 616/616
f 625/625 626/626 616/616
f 616/616 626/626 617/617
f 626/626 627/627 617/617
f 618/618 628/628 619/619
f 628/628 629/629 619/619
f 619/619 629/629 620/620
f 629/629 630/630 620/620
f 620/620 630/630 621/621
f 630/630 631/631 621/621
f 621/621 631/631 632/632
f 631/631 633/633 632/632
f 632/632 633/633 634/634
f 633/633 635/635 634/634
f 634/634 635/635 636/636
f 635/635 637/637 636/636
f 636/636 637/637 638/638
f 637/637 639/639 638/638
f 638/638 639/639 640/640
f 639/639 641/641 640/640
f 640/640 641/641 642/642
f 641/641 643/643 642/642
f 628/628 644/644 629/629
f 644/644 645/645 629/629
f 629/629 645/645 630/630
f 645/645 646/646 630/630
f 630/630 646/646 631/631
f 646/646 647/647 631/631
f 631/631 647/647 633/633
f 647/647 648/648 633/633
f 633/633 648/648 635/635
f 648/648 649/649 635/635
f 635/635 649/649 637/637
f 649/649 650/650 637/637
f 637/637 650/650 639/639
f 650/650 651/651 639/639
f 639/639 651/651 641/641
f 651/651 652/652 641/641
f 641/641 652/652 643/643
f 644/644 653/653 645/645
f 653/653 654/654 645/645
f 645/645 654/654 646/646
f 654/654 655/655 646/646
f 646/646 655/655 647/647
f 655/655 656/656 647/647
f 647/647 656/656 648/648
f 656/656 657/657 648/648
f 648/648 657/657 649/649
f 657/657 658/658 649/649
f 649/649 658/658 650/650
f 658/658 659/659 650/650
f 650/650 659/659 651/651
f 659/659 660/660 651/651
f 651/651 660/660 652/652
f 653/653 661/661 654/654
f 661/661 662/662 654/654
f 654/654 662/662 655/655
f 662/662 663/663 655/655
f 655/655 663/663 656/656
f 663/663 664/664 656/656
f 656/656 664/664 657/657
f 664/664 665/665 657/657
f 657/657 665/665 658/658
f 665/665 666/666 658/658
f 658/658 666/666 659/659
f 666/666 667/667 659/659
f 659/659 667/667 660/660
f 661/661 668/668 662/662
f 668/668 669/669 662/662
f 662/662 669/669 663/663
f 669/669 670/670 663/663
f 663/663 670/670 664/664
f 670/670 671/671 664/664
f 664/664 671/671 665/665
f 621/621 632/632 622/622
f 632/632 623/623 622/622
f 632/632 634/634 623/623
f 634/634 624/624 623/623
f 634/634 636/636 624/624
f 636/636 672/672 624/624
f 624/624 672/672 625/625
f 672/672 673/673 625/625
f 625/625 673/673 626/626
f 673/673 674/674 626/626
f 626/626 674/674 627/627
f 636/636 638/638 672/672
f 638/638 675/675 672/672
f 672/672 675/675 673/673
f 675/675 676/676 673/673
f 673/673 676/676 674/674
f 676/676 675/675 677/677
f 675/675 640/640 677/677
f 677/677 640/640 642/642
f 582/582 580/580 678/678
f 580/580 576/576 678/678
f 679/679 680/680 681/681
f 680/680 580/580 681/681
f 681/681 580/580 682/682
f 580/580 683/683 682/682
f 680/680 684/684 580/580
f 684/684 683/683 580/580
f 684/684 685/685 683/683
f 685/685 584/584 683/683
f 683/683 584/584 686/686
f 584/584 687/687 686/686
f 584/584 685/685 687/687
f 685/685 688/688 687/687
f 689/689 690/690 691/691
f 690/690 692/692 691/691
f 691/691 692/692 693/693
f 692/692 694/694 693/693
f 693/693 694/694 695/695
f 694/694 696/696 695/695
f 697/697 698/698 699/699
f 698/698 700/700 699/699
f 28/28 30/30 701/701
f 30/30 702/702 701/701
f 701/701 702/702 703/703
f 702/702 704/704 703/703
f 703/703 704/704 705/705
f 704/704 706/706 705/705
f 705/705 706/706 707/707
f 706/706 708/708 707/707
f 707/707 708/708 709/709
f 708/708 710/710 709/709
f 709/709 710/710 711/711
f 710/710 712/712 711/711
f 712/712 710/710 713/713
f 710/710 714/714 713/713
f 713/713 714/714 715/715
f 714/714 716/716 715/715
f 715/715 716/716 717/717
f 716/716 718/718 717/717
f 717/717 718/718 704/704
f 718/718 719/719 704/704
f 704/704 719/719 706/706
f 719/719 720/720 706/706
f 706/706 720/720 708/708
f 720/720 710/710 708/708
f 710/710 720/720 714/714
f 720/720 718/718 714/714
f 714/714 718/718 716/716
f 721/721 722/722 723/723
f 722/722 724/724 723/723
f 725/725 726/726 727/727
f 726/726 728/728 727/727
f 727/727 728/728 729/729
f 728/728 730/730 729/729
f 703/703 705/705 731/731
f 705/705 732/732 731/731
f 731/731 732/732 733/733
f 732/732 734/734 733/733
f 733/733 734/734 735/735
f 734/734 732/732 736/736
f 732/732 707/707 736/736
f 736/736 707/707 709/709
f 737/737 738/738 739/739
f 738/738 740/740 739/739
f 738/738 741/741 740/740
f 741/741 742/742 740/740
f 743/743 744/744 745/745
f 744/744 746/746 745/745
f 745/745 746/746 747/747
f 746/746 748/748 747/747
f 747/747 748/748 749/749
f 750/750 751/751 752/752
f 751/751 753/753 752/752
f 751/751 754/754 753/753
f 754/754 755/755 753/753
f 754/754 756/756 755/755
f 756/756 757/757 755/755
f 756/756 758/758 757/757
f 758/758 759/759 757/757
f 760/760 761/761 762/762
f 761/761 763/763 762/762
f 762/762 763/763 764/764
f 763/763 765/765 764/764
f 764/764 765/765 766/766
f 765/765 767/767 766/766
f 766/766 767/767 768/768
f 767/767 769/769 768/768
f 770/770 771/771 772/772
f 771/771 773/773 772/772
f 771/771 774/774 773/773
f 774/774 775/775 773/773
f 774/774 776/776 775/775
f 776/776 777/777 775/775
f 776/776 778/778 777/777
f 778/778 779/779 777/777
f 151/151 779/779 149/149
f 779/779 778/778 149/149
f 780/780 781/781 782/782
f 781/781 783/783 782/782
f 782/782 783/783 784/784
f 783/783 785/785 784/784
f 784/784 785/785 786/786
f 785/785 787/787 786/786
f 786/786 787/787 788/788
f 787/787 789/789 788/788
f 790/790 791/791 792/792
f 791/791 793/793 792/792
f 792/792 793/793 794/794
f 793/793 795/795 794/794
f 794/794 795/795 796/796
f 795/795 797/797 796/796
f 796/796 797/797 798/798
f 797/797 799/799 798/798
f 800/800 801/801 802/802
f 801/801 803/803 802/802
f 803/803 801/801 804/804
f 801/801 805/805 804/804
f 803/803 804/804 806/806
f 804/804 807/807 806/806
f 807/807 804/804 808/808
f 804/804 809/809 808/808
f 809/809 804/804 810/810
f 804/804 811/811 810/810
f 810/810 811/811 812/812
f 811/811 813/813 812/812
f 812/812 813/813 814/814
f 813/813 815/815 814/814
f 814/814 815/815 816/816
f 815/815 817/817 816/816
f 816/816 817/817 818/818
f 817/817 819/819 818/818
f 818/818 819/819 820/820
f 819/819 821/821 820/820
f 820/820 821/821 822/822
f 820/820 822/822 823/823
f 822/822 824/824 823/823
f 822/822 825/825 824/824
f 825/825 826/826 824/824
f 826/826 825/825 827/827
f 825/825 828/828 827/827
f 827/827 828/828 829/829
f 828/828 830/830 829/829
f 830/830 828/828 831/831
f 828/828 832/832 831/831
f 832/832 828/828 833/833
f 828/828 834/834 833/833
f 834/834 828/828 835/835
f 828/828 836/836 835/835
f 107/107 109/109 837/837
f 109/109 838/838 837/837
f 837/837 838/838 839/839
f 838/838 840/840 839/839
f 839/839 840/840 841/841
f 840/840 842/842 841/841
f 841/841 842/842 843/843
f 842/842 844/844 843/843
f 843/843 844/844 845/845
f 844/844 846/846 845/845
f 845/845 846/846 847/847
f 846/846 848/848 847/847
f 847/847 848/848 849/849
f 848/848 850/850 849/849
f 849/849 850/850 851/851
f 850/850 852/852 851/851
f 851/851 852/852 853/853
f 852/852 854/854 853/853
f 853/853 854/854 855/855
f 854/854 856/856 855/855
f 855/855 856/856 857/857
f 856/856 858/858 857/857
f 857/857 858/858 859/859
f 858/858 860/860 859/859
f 859/859 860/860 861/861
f 860/860 862/862 861/861
f 861/861 862/862 863/863
f 862/862 864/864 863/863
f 863/863 864/864 865/865
f 864/864 866/866 865/865
f 865/865 866/866 867/867
f 866/866 868/868 867/867
f 867/867 868/868 869/869
f 868/868 842/842 869/869
f 869/869 842/842 870/870
f 842/842 871/871 870/870
f 868/868 866/866 872/872
f 866/866 873/873 872/872
f 872/872 873/873 842/842
f 873/873 874/874 842/842
f 842/842 874/874 844/844
f 874/874 875/875 844/844
f 844/844 875/875 846/846
f 875/875 876/876 846/846
f 846/846 876/876 848/848
f 876/876 877/877 848/848
f 848/848 877/877 850/850
f 877/877 878/878 850/850
f 850/850 878/878 852/852
f 878/878 879/879 852/852
f 852/852 879/879 854/854
f 879/879 856/856 854/854
f 873/873 866/866 880/880
f 866/866 864/864 880/880
f 880/880 864/864 881/881
f 864/864 862/862 881/881
f 881/881 862/862 882/882
f 862/862 860/860 882/882
f 882/882 860/860 883/883
f 860/860 858/858 883/883
f 883/883 858/858 884/884
f 858/858 856/856 884/884
f 884/884 856/856 885/885
f 856/856 878/878 885/885
f 885/885 878/878 877/877
f 885/885 877/877 886/886
f 877/877 876/876 886/886
f 886/886 876/876 881/881
f 876/876 875/875 881/881
f 881/881 875/875 880/880
f 875/875 874/874 880/880
f 880/880 874/874 873/873
f 881/881 882/882 886/886
f 882/882 883/883 886/886
f 886/886 883/883 885/885
f 883/883 884/884 885/885
f 842/842 840/840 871/871
f 840/840 887/887 871/871
f 840/840 838/838 887/887
f 838/838 111/111 887/887
f 851/851 853/853 888/888
f 853/853 889/889 888/888
f 888/888 889/889 890/890
f 889/889 891/891 890/890
f 890/890 891/891 863/863
f 891/891 861/861 863/863
f 853/853 855/855 889/889
f 855/855 892/892 889/889
f 889/889 892/892 891/891
f 892/892 857/857 891/891
f 891/891 857/857 861/861
f 857/857 859/859 861/861
f 893/893 894/894 895/895
f 894/894 896/896 895/895
f 895/895 896/896 897/897
f 896/896 898/898 897/897
f 897/897 898/898 899/899
f 898/898 900/900 899/899
f 899/899 900/900 901/901
f 900/900 902/902 901/901
f 903/903 904/904 905/905
f 904/904 906/906 905/905
f 904/904 907/907 906/906
f 907/907 908/908 906/906
f 907/907 909/909 908/908
f 909/909 910/910 908/908
f 909/909 911/911 910/910
f 911/911 912/912 910/910
f 911/911 913/913 912/912
f 913/913 914/914 912/912
f 888/888 890/890 915/915
f 890/890 916/916 915/915
f 915/915 916/916 917/917
f 916/916 867/867 917/917
f 917/917 867/867 869/869
f 867/867 916/916 865/865
f 916/916 890/890 865/865
f 865/865 890/890 863/863
f 851/851 918/918 849/849
f 918/918 847/847 849/849
f 847/847 918/918 845/845
f 918/918 919/919 845/845
f 845/845 919/919 843/843
f 870/870 920/920 869/869
f 920/920 921/921 869/869
f 869/869 921/921 917/917
f 921/921 915/915 917/917
f 921/921 920/920 915/915
f 920/920 922/922 915/915
f 923/923 924/924 925/925
f 924/924 926/926 925/925
f 924/924 927/927 926/926
f 927/927 928/928 926/926
f 927/927 929/929 928/928
f 929/929 930/930 928/928
f 931/931 932/932 933/933
f 932/932 934/934 933/933
f 932/932 935/935 934/934
f 935/935 936/936 934/934
f 935/935 937/937 936/936
f 937/937 938/938 936/936
f 937/937 939/939 938/938
f 939/939 940/940 938/938
f 941/941 942/942 943/943
f 942/942 944/944 943/943
f 942/942 945/945 944/944
f 945/945 946/946 944/944
f 945/945 947/947 946/946
f 947/947 948/948 946/946
f 947/947 949/949 948/948
f 949/949 950/950 948/948
f 951/951 952/952 953/953
f 952/952 954/954 953/953
f 952/952 955/955 954/954
f 955/955 956/956 954/954
f 955/955 957/957 956/956
f 957/957 958/958 956/956
f 957/957 959/959 958/958
f 959/959 960/960 958/958
f 961/961 962/962 963/963
f 962/962 964/964 963/963
f 963/963 964/964 965/965
f 964/964 966/966 965/965
f 965/965 966/966 967/967
f 966/966 968/968 967/967
f 967/967 968/968 969/969
f 968/968 970/970 969/969
f 971/971 972/972 973/973
f 972/972 974/974 973/973
f 972/972 975/975 974/974
f 975/975 976/976 974/974
f 975/975 977/977 976/976
f 977/977 978/978 976/976
f 977/977 979/979 978/978
f 979/979 980/980 978/978
f 979/979 981/981 980/980
f 981/981 982/982 980/980
f 983/983 984/984 985/985
f 984/984 986/986 985/985
f 985/985 986/986 987/987
f 986/986 988/988 987/987
f 987/987 988/988 989/989
f 988/988 990/990 989/989
f 989/989 990/990 991/991
f 990/990 992/992 991/991
f 993/993 994/994 995/995
f 994/994 996/996 995/995
f 995/995 996/996 997/997
f 996/996 998/998 997/997
f 997/997 998/998 999/999
f 998/998 1000/1000 999/999
f 999/999 1000/1000 1001/1001
f 1000/1000 1002/1002 1001/1001
f 1003/1003 1004/1004 1005/1005
f 1004/1004 1006/1006 1005/1005
f 1004/1004 1007/1007 1006/1006
f 1007/1007 1008/1008 1006/1006
f 1007/1007 1009/1009 1008/1008
f 1009/1009 1010/1010 1008/1008
f 1009/1009 1011/1011 1010/1010
f 1011/1011 1012/1012 1010/1010
f 1013/1013 1014/1014 1015/1015
f 1014/1014 1016/1016 1015/1015
f 1014/1014 1017/1017 1016/1016
f 1017/1017 1018/1018 1016/1016
f 1017/1017 1019/1019 1018/1018
f 1019/1019 1020/1020 1018/1018
f 1021/1021 1022/1022 1023/1023
f 1022/1022 1024/1024 1023/1023
f 1022/1022 1025/1025 1024/1024
f 1025/1025 1026/1026 1024/1024
f 1027/1027 1028/1028 1029/1029
f 1028/1028 1030/1030 1029/1029
f 1028/1028 1031/1031 1030/1030
f 1031/1031 1032/1032 1030/1030
f 1033/1033 1034/1034 1035/1035
f 1034/1034 1036/1036 1035/1035
f 1035/1035 1036/1036 1037/1037
f 1036/1036 1038/1038 1037/1037
f 1037/1037 1038/1038 1039/1039
f 1038/1038 1040/1040 1039/1039
f 1039/1039 1040/1040 1041/1041
f 1040/1040 1042/1042 1041/1041
f 1041/1041 1042/1042 1043/1043
f 1042/1042 1044/1044 1043/1043
f 1043/1043 1044/1044 1045/1045
f 1044/1044 1046/1046 1045/1045
f 1045/1045 1046/1046 1047/1047
f 1046/1046 1048/1048 1047/1047
f 1047/1047 1048/1048 1049/1049
f 1048/1048 1050/1050 1049/1049
f 1049/1049 1050/1050 1051/1051
f 1050/1050 1052/1052 1051/1051
f 1034/1034 1053/1053 1036/1036
f 1053/1053 1054/1054 1036/1036
f 1036/1036 1054/1054 1038/1038
f 1054/1054 1055/1055 1038/1038
f 1038/1038 1055/1055 1040/1040
f 1055/1055 1056/1056 1040/1040
f 1040/1040 1056/1056 1042/1042
f 1056/1056 1057/1057 1042/1042
f 1042/1042 1057/1057 1044/1044
f 1057/1057 1058/1058 1044/1044
f 1044/1044 1058/1058 1046/1046
f 1058/1058 1059/1059 1046/1046
f 1046/1046 1059/1059 1048/1048
f 1059/1059 1060/1060 1048/1048
f 1048/1048 1060/1060 1050/1050
f 1060/1060 1061/1061 1050/1050
f 1050/1050 1061/1061 1052/1052
f 1061/1061 1062/1062 1052/1052
f 1053/1053 1063/1063 1054/1054
f 1063/1063 1064/1064 1054/1054
f 1054/1054 1064/1064 1055/1055
f 1064/1064 1065/1065 1055/1055
f 1055/1055 1065/1065 1056/1056
f 1065/1065 1066/1066 1056/1056
f 1056/1056 1066/1066 1057/1057
f 1066/1066 1067/1067 1057/1057
f 1057/1057 1067/1067 1058/1058
f 1067/1067 1068/1068 1058/1058
f 1058/1058 1068/1068 1059/1059
f 1068/1068 1069/1069 1059/1059
f 1059/1059 1069/1069 1060/1060
f 1069/1069 1070/1070 1060/1060
f 1060/1060 1070/1070 1061/1061
f 1070/1070 1071/1071 1061/1061
f 1061/1061 1071/1071 1062/1062
f 1071/1071 1072/1072 1062/1062
f 1063/1063 1073/1073 1064/1064
f 1073/1073 1074/1074 1064/1064
f 1064/1064 1074/1074 1065/1065
f 1074/1074 1075/1075 1065/1065
f 1065/1065 1075/1075 1066/1066
f 1075/1075 1076/1076 1066/1066
f 1066/1066 1076/1076 1077/1077
f 1076/1076 1078/1078 1077/1077
f 1077/1077 1078/1078 1079/1079
f 1078/1078 1080/1080 1079/1079
f 1079/1079 1080/1080 1081/1081
f 1080/1080 1082/1082 1081/1081
f 1081/1081 1082/1082 1083/1083
f 1082/1082 1084/1084 1083/1083
f 1083/1083 1084/1084 1085/1085
f 1084/1084 1086/1086 1085/1085
f 1085/1085 1086/1086 1087/1087
f 1086/1086 1088/1088 1087/1087
f 1073/1073 1089/1089 1074/1074
f 1089/1089 1090/1090 1074/1074
f 1074/1074 1090/1090 1075/1075
f 1090/1090 1091/1091 1075/1075
f 1075/1075 1091/1091 1076/1076
f 1091/1091 1092/1092 1076/1076
f 1076/1076 1092/1092 1078/1078
f 1092/1092 1093/1093 1078/1078
f 1078/1078 1093/1093 1080/1080
f 1093/1093 1094/1094 1080/1080
f 1080/1080 1094/1094 1082/1082
f 1094/1094 1095/1095 1082/1082
f 1082/1082 1095/1095 1084/1084
f 1095/1095 1096/1096 1084/1084
f 1084/1084 1096/1096 1086/1086
f 1096/1096 1097/1097 1086/1086
f 1086/1086 1097/1097 1088/1088
f 1089/1089 1098/1098 1090/1090
f 1098/1098 1099/1099 1090/1090
f 1090/1090 1099/1099 1091/1091
f 1099/1099 1100/1100 1091/1091
f 1091/1091 1100/1100 1092/1092
f 1100/1100 1101/1101 1092/1092
f 1092/1092 1101/1101 1093/1093
f 1101/1101 1102/1102 1093/1093
f 1093/1093 1102/1102 1094/1094
f 1102/1102 1103/1103 1094/1094
f 1094/1094 1103/1103 1095/1095
f 1103/1103 1104/1104 1095/1095
f 1095/1095 1104/1104 1096/1096
f 1104/1104 1105/1105 1096/1096
f 1096/1096 1105/1105 1097/1097
f 1098/1098 1106/1106 1099/1099
f 1106/1106 1107/1107 1099/1099
f 1099/1099 1107/1107 1100/1100
f 1107/1107 1108/1108 1100/1100
f 1100/1100 1108/1108 1101/1101
f 1108/1108 1109/1109 1101/1101
f 1101/1101 1109/1109 1102/1102
f 1109/1109 1110/1110 1102/1102
f 1102/1102 1110/1110 1103/1103
f 1110/1110 1111/1111 1103/1103
f 1103/1103 1111/1111 1104/1104
f 1111/1111 1112/1112 1104/1104
f 1104/1104 1112/1112 1105/1105
f 1106/1106 1113/1113 1107/1107
f 1113/1113 1114/1114 1107/1107
f 1107/1107 1114/1114 1108/1108
f 1114/1114 1115/1115 1108/1108
f 1108/1108 1115/1115 1109/1109
f 1115/1115 1116/1116 1109/1109
f 1109/1109 1116/1116 1110/1110
f 1072/1072 1071/1071 1117/1117
f 1071/1071 1118/1118 1117/1117
f 1117/1117 1118/1118 1119/1119
f 1118/1118 1120/1120 1119/1119
f 1119/1119 1120/1120 1121/1121
f 1120/1120 1085/1085 1121/1121
f 1121/1121 1085/1085 1087/1087
f 1085/1085 1120/1120 1083/1083
f 1120/1120 1122/1122 1083/1083
f 1083/1083 1122/1122 1081/1081
f 1122/1122 1069/1069 1081/1081
f 1081/1081 1069/1069 1079/1079
f 1069/1069 1068/1068 1079/1079
f 1079/1079 1068/1068 1077/1077
f 1068/1068 1067/1067 1077/1077
f 1077/1077 1067/1067 1066/1066
f 1069/1069 1122/1122 1070/1070
f 1122/1122 1118/1118 1070/1070
f 1070/1070 1118/1118 1071/1071
f 712/712 713/713 1123/1123
f 713/713 1124/1124 1123/1123
f 1123/1123 1124/1124 1125/1125
f 1124/1124 1126/1126 1125/1125
f 1125/1125 1126/1126 1127/1127
f 1126/1126 1128/1128 1127/1127
f 1127/1127 1128/1128 1129/1129
f 1128/1128 717/717 1129/1129
f 1129/1129 717/717 1130/1130
f 717/717 1131/1131 1130/1130
f 1130/1130 1131/1131 1132/1132
f 1131/1131 1133/1133 1132/1132
f 1132/1132 1133/1133 1134/1134
f 1133/1133 1135/1135 1134/1134
f 1134/1134 1135/1135 1136/1136
f 1135/1135 1137/1137 1136/1136
f 1136/1136 1137/1137 1138/1138
f 1137/1137 1139/1139 1138/1138
f 1139/1139 1137/1137 1140/1140
f 1137/1137 1141/1141 1140/1140
f 1140/1140 1141/1141 1142/1142
f 1141/1141 1143/1143 1142/1142
f 1142/1142 1143/1143 1144/1144
f 1143/1143 1145/1145 1144/1144
f 1144/1144 1145/1145 1146/1146
f 1145/1145 1147/1147 1146/1146
f 1146/1146 1147/1147 1148/1148
f 1147/1147 1149/1149 1148/1148
f 1148/1148 1149/1149 1131/1131
f 1149/1149 1150/1150 1131/1131
f 1131/1131 1150/1150 1151/1151
f 1150/1150 1152/1152 1151/1151
f 1151/1151 1152/1152 1141/1141
f 1152/1152 1143/1143 1141/1141
f 1141/1141 1137/1137 1151/1151
f 1137/1137 1135/1135 1151/1151
f 1151/1151 1135/1135 1131/1131
f 1135/1135 1133/1133 1131/1131
f 1123/1123 1125/1125 1153/1153
f 1125/1125 1154/1154 1153/1153
f 1153/1153 1154/1154 1155/1155
f 1154/1154 1156/1156 1155/1155
f 1155/1155 1156/1156 1157/1157
f 1156/1156 1158/1158 1157/1157
f 1158/1158 1156/1156 1159/1159
f 1156/1156 1160/1160 1159/1159
f 1159/1159 1160/1160 1161/1161
f 1160/1160 1130/1130 1161/1161
f 1161/1161 1130/1130 1162/1162
f 1130/1130 1132/1132 1162/1162
f 1162/1162 1132/1132 1163/1163
f 1132/1132 1134/1134 1163/1163
f 1163/1163 1134/1134 1164/1164
f 1134/1134 1136/1136 1164/1164
f 1164/1164 1136/1136 1138/1138
f 1138/1138 1165/1165 1164/1164
f 1165/1165 1166/1166 1164/1164
f 1164/1164 1166/1166 1163/1163
f 1166/1166 1161/1161 1163/1163
f 1163/1163 1161/1161 1162/1162
f 1161/1161 1166/1166 1159/1159
f 1166/1166 1167/1167 1159/1159
f 1159/1159 1167/1167 1158/1158
f 1147/1147 1145/1145 1149/1149
f 1145/1145 1152/1152 1149/1149
f 1149/1149 1152/1152 1150/1150
f 1125/1125 1127/1127 1154/1154
f 1127/1127 1168/1168 1154/1154
f 1154/1154 1168/1168 1156/1156
f 1168/1168 1160/1160 1156/1156
f 1127/1127 1129/1129 1168/1168
f 1129/1129 1169/1169 1168/1168
f 1168/1168 1169/1169 1160/1160
f 1169/1169 1130/1130 1160/1160
f 1170/1170 1171/1171 1172/1172
f 1171/1171 1173/1173 1172/1172
f 1172/1172 1173/1173 1174/1174
f 1173/1173 1175/1175 1174/1174
f 1174/1174 1175/1175 1176/1176
f 1175/1175 1177/1177 1176/1176
f 1176/1176 1177/1177 1178/1178
f 1177/1177 1179/1179 1178/1178
f 523/523 1180/1180 525/525
f 1180/1180 1181/1181 525/525
f 525/525 1181/1181 527/527
f 1181/1181 1182/1182 527/527
f 527/527 1182/1182 529/529
f 1182/1182 1183/1183 529/529
f 529/529 1183/1183 531/531
f 1183/1183 1184/1184 531/531
f 2/2 1185/1185 4/4
f 1185/1185 1186/1186 4/4
f 1186/1186 1185/1185 1187/1187
f 1185/1185 1188/1188 1187/1187
f 1187/1187 1188/1188 1189/1189
f 1188/1188 1190/1190 1189/1189
f 1189/1189 1190/1190 1191/1191
f 1190/1190 19/19 1191/1191
f 1191/1191 19/19 17/17
f 1187/1187 9/9 1186/1186
f 9/9 7/7 1186/1186
f 1131/1131 717/717 1148/1148
f 717/717 704/704 1148/1148
f 1148/1148 704/704 702/702
f 702/702 1192/1192 1148/1148
f 1192/1192 1193/1193 1148/1148
f 1148/1148 1193/1193 1146/1146
f 1193/1193 1194/1194 1146/1146
f 1146/1146 1194/1194 1144/1144
f 1194/1194 1195/1195 1144/1144
f 1144/1144 1195/1195 1142/1142
f 1192/1192 1196/1196 1193/1193
f 1196/1196 1197/1197 1193/1193
f 1193/1193 1197/1197 1194/1194
f 1197/1197 1198/1198 1194/1194
f 1194/1194 1198/1198 1195/1195
f 540/540 992/992 538/538
f 992/992 990/990 538/538
f 538/538 990/990 536/536
f 990/990 988/988 536/536
f 536/536 988/988 534/534
f 988/988 986/986 534/534
f 534/534 986/986 532/532
f 986/986 984/984 532/532
f 1199/1199 45/45 1200/1200
f 45/45 47/47 1200/1200
f 1200/1200 47/47 1201/1201
f 47/47 49/49 1201/1201
f 1201/1201 49/49 1202/1202
f 49/49 51/51 1202/1202
f 1202/1202 51/51 1203/1203
f 51/51 53/53 1203/1203
f 459/459 1204/1204 458/458
f 1204/1204 1205/1205 458/458
f 458/458 1205/1205 457/457
f 1205/1205 1206/1206 457/457
f 457/457 1206/1206 456/456
f 1206/1206 1207/1207 456/456
f 456/456 1207/1207 455/455
f 1207/1207 1208/1208 455/455
f 1209/1209 1208/1208 1210/1210
f 1208/1208 1207/1207 1210/1210
f 1210/1210 1207/1207 1211/1211
f 1207/1207 1206/1206 1211/1211
f 1211/1211 1206/1206 1212/1212
f 1206/1206 1205/1205 1212/1212
f 1212/1212 1205/1205 1213/1213
f 1205/1205 1204/1204 1213/1213
f 1214/1214 35/35 1215/1215
f 35/35 37/37 1215/1215
f 1215/1215 37/37 1216/1216
f 37/37 39/39 1216/1216
f 1216/1216 39/39 1217/1217
f 39/39 41/41 1217/1217
f 1217/1217 41/41 1218/1218
f 41/41 43/43 1218/1218
f 1219/1219 546/546 1220/1220
f 546/546 545/545 1220/1220
f 1220/1220 545/545 1221/1221
f 545/545 544/544 1221/1221
f 1221/1221 544/544 1222/1222
f 544/544 543/543 1222/1222
f 1222/1222 543/543 1223/1223
f 543/543 542/542 1223/1223
f 743/743 1224/1224 744/744
f 1224/1224 1225/1225 744/744
f 1226/1226 1227/1227 1228/1228
f 1227/1227 1229/1229 1228/1228
f 1228/1228 1229/1229 1230/1230
f 1229/1229 1231/1231 1230/1230
f 1230/1230 1231/1231 1232/1232
f 1231/1231 1233/1233 1232/1232
f 1232/1232 1233/1233 1234/1234
f 1233/1233 1235/1235 1234/1234
f 1180/1180 1236/1236 1181/1181
f 1236/1236 1237/1237 1181/1181
f 1181/1181 1237/1237 1182/1182
f 1237/1237 1238/1238 1182/1182
f 1182/1182 1238/1238 1183/1183
f 1238/1238 1239/1239 1183/1183
f 1183/1183 1239/1239 1184/1184
f 1239/1239 1240/1240 1184/1184
f 1241/1241 1242/1242 1243/1243
f 1242/1242 1244/1244 1243/1243
f 1243/1243 1244/1244 1245/1245
f 1244/1244 1246/1246 1245/1245
f 1245/1245 1246/1246 1247/1247
f 1246/1246 1248/1248 1247/1247
f 1247/1247 1248/1248 1249/1249
f 1248/1248 1250/1250 1249/1249
f 1251/1251 749/749 1252/1252
f 749/749 748/748 1252/1252
f 1252/1252 748/748 1253/1253
f 748/748 746/746 1253/1253
f 1253/1253 746/746 1254/1254
f 746/746 744/744 1254/1254
f 1255/1255 1256/1256 1257/1257
f 1256/1256 1258/1258 1257/1257
f 1257/1257 1258/1258 1259/1259
f 1258/1258 1260/1260 1259/1259
f 1259/1259 1260/1260 1261/1261
f 1260/1260 1262/1262 1261/1261
f 1261/1261 1262/1262 1263/1263
f 1262/1262 1264/1264 1263/1263
f 1265/1265 1266/1266 1267/1267
f 1266/1266 1268/1268 1267/1267
f 1267/1267 1268/1268 1269/1269
f 1268/1268 1270/1270 1269/1269
f 1269/1269 1270/1270 1271/1271
f 1270/1270 1272/1272 1271/1271
f 1271/1271 1272/1272 1273/1273
f 1272/1272 1274/1274 1273/1273
f 1275/1275 1276/1276 1277/1277
f 1276/1276 1278/1278 1277/1277
f 1276/1276 1279/1279 1278/1278
f 1279/1279 1280/1280 1278/1278
f 1279/1279 1281/1281 1280/1280
f 1281/1281 1282/1282 1280/1280
f 1283/1283 743/743 1284/1284
f 743/743 745/745 1284/1284
f 1284/1284 745/745 1285/1285
f 745/745 747/747 1285/1285
f 1285/1285 747/747 1286/1286
f 747/747 1287/1287 1286/1286
f 713/713 715/715 1124/1124
f 715/715 1126/1126 1124/1124
f 715/715 717/717 1126/1126
f 717/717 1128/1128 1126/1126
f 1288/1288 1289/1289 1290/1290
f 1289/1289 1291/1291 1290/1290
f 798/798 448/448 796/796
f 448/448 446/446 796/796
f 796/796 446/446 794/794
f 446/446 444/444 794/794
f 794/794 444/444 792/792
f 444/444 442/442 792/792
f 792/792 442/442 790/790
f 442/442 440/440 790/790
f 1292/1292 1288/1288 1293/1293
f 1288/1288 1290/1290 1293/1293
f 157/157 1294/1294 158/158
f 1294/1294 1295/1295 158/158
f 749/749 1296/1296 1287/1287
f 1296/1296 1297/1297 1287/1287
f 1289/1289 1298/1298 1291/1291
f 1298/1298 1299/1299 1291/1291
f 1300/1300 1219/1219 1301/1301
f 1219/1219 1220/1220 1301/1301
f 1301/1301 1220/1220 1302/1302
f 1220/1220 1221/1221 1302/1302
f 1302/1302 1221/1221 1303/1303
f 1221/1221 1222/1222 1303/1303
f 1303/1303 1222/1222 1304/1304
f 1222/1222 1223/1223 1304/1304
f 1171/1171 565/565 1173/1173
f 565/565 567/567 1173/1173
f 1173/1173 567/567 1175/1175
f 567/567 569/569 1175/1175
f 1175/1175 569/569 1177/1177
f 569/569 571/571 1177/1177
f 1177/1177 571/571 1179/1179
f 571/571 573/573 1179/1179
f 788/788 439/439 786/786
f 439/439 441/441 786/786
f 786/786 441/441 784/784
f 441/441 443/443 784/784
f 784/784 443/443 782/782
f 443/443 445/445 782/782
f 782/782 445/445 780/780
f 445/445 447/447 780/780
f 1234/1234 511/511 1232/1232
f 511/511 509/509 1232/1232
f 1232/1232 509/509 1230/1230
f 509/509 507/507 1230/1230
f 1230/1230 507/507 1228/1228
f 507/507 505/505 1228/1228
f 1228/1228 505/505 1226/1226
f 505/505 503/503 1226/1226
f 1266/1266 502/502 1268/1268
f 502/502 504/504 1268/1268
f 1268/1268 504/504 1270/1270
f 504/504 506/506 1270/1270
f 1270/1270 506/506 1272/1272
f 506/506 508/508 1272/1272
f 1272/1272 508/508 1274/1274
f 508/508 510/510 1274/1274
f 1288/1288 1292/1292 1305/1305
f 1292/1292 1306/1306 1305/1305
f 1249/1249 522/522 1247/1247
f 522/522 524/524 1247/1247
f 1247/1247 524/524 1245/1245
f 524/524 526/526 1245/1245
f 1245/1245 526/526 1243/1243
f 526/526 528/528 1243/1243
f 1243/1243 528/528 1241/1241
f 528/528 530/530 1241/1241
f 1001/1001 541/541 999/999
f 541/541 539/539 999/999
f 999/999 539/539 997/997
f 539/539 537/537 997/997
f 997/997 537/537 995/995
f 537/537 535/535 995/995
f 995/995 535/535 993/993
f 535/535 533/533 993/993
f 1263/1263 574/574 1261/1261
f 574/574 572/572 1261/1261
f 1261/1261 572/572 1259/1259
f 572/572 570/570 1259/1259
f 1259/1259 570/570 1257/1257
f 570/570 568/568 1257/1257
f 1257/1257 568/568 1255/1255
f 568/568 566/566 1255/1255
f 682/682 1307/1307 681/681
f 1307/1307 1308/1308 681/681
f 962/962 429/429 964/964
f 429/429 431/431 964/964
f 964/964 431/431 966/966
f 431/431 433/433 966/966
f 966/966 433/433 968/968
f 433/433 435/435 968/968
f 968/968 435/435 970/970
f 435/435 437/437 970/970
f 1309/1309 1310/1310 1311/1311
f 1310/1310 1312/1312 1311/1311
f 1310/1310 1313/1313 1312/1312
f 1313/1313 1314/1314 1312/1312
f 1293/1293 1290/1290 1315/1315
f 1290/1290 1316/1316 1315/1315
f 901/901 438/438 899/899
f 438/438 436/436 899/899
f 899/899 436/436 897/897
f 436/436 434/434 897/897
f 897/897 434/434 895/895
f 434/434 432/432 895/895
f 895/895 432/432 893/893
f 432/432 430/430 893/893
f 1317/1317 1318/1318 1319/1319
f 1318/1318 1320/1320 1319/1319
f 1319/1319 1320/1320 1321/1321
f 1320/1320 1322/1322 1321/1321
f 1321/1321 1322/1322 1323/1323
f 1322/1322 1324/1324 1323/1323
f 1323/1323 1324/1324 1325/1325
f 1324/1324 1326/1326 1325/1325
f 1318/1318 1327/1327 1320/1320
f 1327/1327 1328/1328 1320/1320
f 1320/1320 1328/1328 1322/1322
f 1328/1328 1329/1329 1322/1322
f 1322/1322 1329/1329 1324/1324
f 1329/1329 1330/1330 1324/1324
f 1324/1324 1330/1330 1331/1331
f 1330/1330 1332/1332 1331/1331
f 1327/1327 1333/1333 1328/1328
f 1333/1333 1334/1334 1328/1328
f 1328/1328 1334/1334 1329/1329
f 1334/1334 1335/1335 1329/1329
f 1329/1329 1335/1335 1330/1330
f 1335/1335 1336/1336 1330/1330
f 1330/1330 1336/1336 1332/1332
f 1336/1336 1337/1337 1332/1332
f 1333/1333 1338/1338 1334/1334
f 1338/1338 1339/1339 1334/1334
f 1334/1334 1339/1339 1335/1335
f 1339/1339 1340/1340 1335/1335
f 1335/1335 1340/1340 1336/1336
f 1340/1340 1341/1341 1336/1336
f 1336/1336 1341/1341 1337/1337
f 1341/1341 1342/1342 1337/1337
f 1338/1338 1343/1343 1339/1339
f 1343/1343 1344/1344 1339/1339
f 1339/1339 1344/1344 1340/1340
f 1344/1344 1345/1345 1340/1340
f 1340/1340 1345/1345 1341/1341
f 1345/1345 1346/1346 1341/1341
f 1341/1341 1346/1346 1342/1342
f 1346/1346 1347/1347 1342/1342
f 1343/1343 1348/1348 1344/1344
f 1348/1348 1349/1349 1344/1344
f 1344/1344 1349/1349 1345/1345
f 1349/1349 1350/1350 1345/1345
f 1345/1345 1350/1350 1346/1346
f 1350/1350 1351/1351 1346/1346
f 1346/1346 1351/1351 1352/1352
f 1352/1352 1353/1353 1346/1346
f 1353/1353 1347/1347 1346/1346
f 1348/1348 1343/1343 1354/1354
f 1343/1343 1355/1355 1354/1354
f 1354/1354 1355/1355 1356/1356
f 1355/1355 1357/1357 1356/1356
f 1343/1343 1338/1338 1355/1355
f 1338/1338 1358/1358 1355/1355
f 1355/1355 1358/1358 1359/1359
f 1358/1358 1360/1360 1359/1359
f 1338/1338 1333/1333 1358/1358
f 1333/1333 1361/1361 1358/1358
f 1358/1358 1361/1361 1360/1360
f 1361/1361 1362/1362 1360/1360
f 1333/1333 1327/1327 1361/1361
f 1327/1327 1363/1363 1361/1361
f 1361/1361 1363/1363 1362/1362
f 1363/1363 1364/1364 1362/1362
f 1327/1327 1318/1318 1363/1363
f 1318/1318 1365/1365 1363/1363
f 1363/1363 1365/1365 1364/1364
f 1365/1365 1366/1366 1364/1364
f 1318/1318 1317/1317 1365/1365
f 1317/1317 1367/1367 1365/1365
f 1365/1365 1367/1367 1368/1368
f 1368/1368 1369/1369 1365/1365
f 1369/1369 1366/1366 1365/1365
f 1326/1326 1324/1324 1370/1370
f 1324/1324 1371/1371 1370/1370
f 1357/1357 1355/1355 1372/1372
f 1355/1355 1373/1373 1372/1372
f 1374/1374 1375/1375 1376/1376
f 1375/1375 1377/1377 1376/1376
f 1374/1374 1376/1376 142/142
f 1376/1376 1378/1378 142/142
f 142/142 1378/1378 139/139
f 1378/1378 1377/1377 139/139
f 139/139 1377/1377 1375/1375
f 1379/1379 1380/1380 1381/1381
f 1380/1380 1382/1382 1381/1381
f 1381/1381 1382/1382 1383/1383
f 1382/1382 1384/1384 1383/1383
f 1383/1383 1384/1384 1385/1385
f 1384/1384 1386/1386 1385/1385
f 1385/1385 1386/1386 1387/1387
f 1386/1386 1388/1388 1387/1387
f 1387/1387 1388/1388 1389/1389
f 1388/1388 1390/1390 1389/1389
f 1389/1389 1390/1390 1391/1391
f 1390/1390 1392/1392 1391/1391
f 1391/1391 1392/1392 1393/1393
f 1392/1392 1394/1394 1393/1393
f 1393/1393 1394/1394 1395/1395
f 1394/1394 1396/1396 1395/1395
f 1395/1395 1396/1396 1397/1397
f 1396/1396 1398/1398 1397/1397
f 1397/1397 1398/1398 1399/1399
f 1398/1398 1400/1400 1399/1399
f 1399/1399 1400/1400 1401/1401
f 1400/1400 1402/1402 1401/1401
f 1401/1401 1402/1402 1403/1403
f 1402/1402 1404/1404 1403/1403
f 1403/1403 1404/1404 1405/1405
f 1404/1404 1406/1406 1405/1405
f 1405/1405 1406/1406 1379/1379
f 1406/1406 1380/1380 1379/1379
f 1406/1406 1407/1407 1380/1380
f 1407/1407 1408/1408 1380/1380
f 1380/1380 1408/1408 1382/1382
f 1408/1408 1409/1409 1382/1382
f 1382/1382 1409/1409 1384/1384
f 1409/1409 1410/1410 1384/1384
f 1384/1384 1410/1410 1386/1386
f 1410/1410 1411/1411 1386/1386
f 1386/1386 1411/1411 1388/1388
f 1411/1411 1412/1412 1388/1388
f 1388/1388 1412/1412 1390/1390
f 1412/1412 1413/1413 1390/1390
f 1390/1390 1413/1413 1392/1392
f 1413/1413 1414/1414 1392/1392
f 1392/1392 1414/1414 1394/1394
f 1414/1414 1415/1415 1394/1394
f 1394/1394 1415/1415 1396/1396
f 1415/1415 1416/1416 1396/1396
f 1396/1396 1416/1416 1398/1398
f 1416/1416 1417/1417 1398/1398
f 1398/1398 1417/1417 1400/1400
f 1417/1417 1418/1418 1400/1400
f 1400/1400 1418/1418 1402/1402
f 1418/1418 1419/1419 1402/1402
f 1402/1402 1419/1419 1404/1404
f 1419/1419 1420/1420 1404/1404
f 1404/1404 1420/1420 1406/1406
f 1420/1420 1407/1407 1406/1406
f 1417/1417 1416/1416 1418/1418
f 1416/1416 1421/1421 1418/1418
f 1418/1418 1421/1421 1419/1419
f 1421/1421 1422/1422 1419/1419
f 1419/1419 1422/1422 1423/1423
f 1422/1422 1412/1412 1423/1423
f 1423/1423 1412/1412 1424/1424
f 1412/1412 1411/1411 1424/1424
f 1424/1424 1411/1411 1409/1409
f 1411/1411 1410/1410 1409/1409
f 1412/1412 1422/1422 1413/1413
f 1422/1422 1421/1421 1413/1413
f 1413/1413 1421/1421 1414/1414
f 1421/1421 1416/1416 1414/1414
f 1414/1414 1416/1416 1415/1415
f 1408/1408 1407/1407 1409/1409
f 1407/1407 1424/1424 1409/1409
f 1407/1407 1420/1420 1424/1424
f 1420/1420 1423/1423 1424/1424
f 1130/1130 1169/1169 1129/1129
f 640/640 675/675 638/638
f 1120/1120 1118/1118 1122/1122
f 838/838 109/109 111/111
f 719/719 718/718 720/720
f 1192/1192 702/702 1196/1196
f 707/707 732/732 705/705
f 1152/1152 1145/1145 1143/1143
f 749/749 1287/1287 747/747
f 1197/1197 1425/1425 1198/1198
f 1165/1165 1167/1167 1166/1166
f 918/918 1426/1426 919/919
f 857/857 892/892 855/855
f 856/856 879/879 878/878
f 868/868 872/872 842/842
f 1324/1324 1331/1331 1371/1371
f 1355/1355 1359/1359 1373/1373
f 1427/1427 1428/1428 1429/1429
f 373/373 1430/1430 371/371
f 344/344 1431/1431 345/345
f 1432/1432 367/367 369/369
f 354/354 1433/1433 352/352
f 1423/1423 1420/1420 1419/1419
f 679/679 681/681 1434/1434
f 1434/1434 1435/1435 679/679
f 577/577 578/578 1436/1436
f 1436/1436 1437/1437 577/577
f 1307/1307 1438/1438 1439/1439
f 1439/1439 1308/1308 1307/1307
f 575/575 1440/1440 1441/1441
f 1441/1441 576/576 575/575
f 833/833 1442/1442 832/832
# num_faces: 1682
